Door Access Actual DateTime,Door Name,Result,Expected Graduation year,Unique Identifier
1/30/2017 6:06:16 AM,Med Annex2,Accepted Online,2019,Med Student 372
1/30/2017 6:17:40 AM,Med Annex2,Accepted Online,2019,Med Student 372
1/30/2017 6:41:31 AM,MED #6 KL,Accepted Online,2019,Med Student 337
1/30/2017 6:47:56 AM,Med Annex2,Accepted Online,2019,Med Student 366
1/30/2017 7:00:06 AM,MED #8 KL,Accepted Online,2019,Med Student 423
1/30/2017 7:08:12 AM,Med Annex2,Accepted Online,2019,Med Student 372
1/30/2017 7:29:00 AM,Med Annex1,Accepted Online,2019,Med Student 366
1/30/2017 7:41:41 AM,Med Annex2,Accepted Online,2019,Med Student 372
1/30/2017 9:07:46 AM,Med Annex2,Accepted Online,2020,Med Student 508
1/30/2017 9:24:46 AM,Med Annex1,Accepted Online,2020,Med Student 508
1/30/2017 9:35:28 AM,Med #2 KL,Accepted Online,2019,Med Student 369
1/30/2017 9:37:56 AM,Med #2 KL,Accepted Online,2019,Med Student 369
1/30/2017 9:43:54 AM,Med #2 KL,Accepted Online,2019,Med Student 369
1/30/2017 9:54:23 AM,MED #6 KL,Accepted Online,2019,Med Student 337
1/30/2017 9:58:29 AM,Med Annex2,Accepted Online,2020,Med Student 453
1/30/2017 10:00:16 AM,MED #9 KL,Accepted Online,2019,Med Student 366
1/30/2017 10:00:18 AM,Med Annex2,Accepted Online,2019,Med Student 404
1/30/2017 10:00:26 AM,MED #8 KL,Accepted Online,2019,Med Student 365
1/30/2017 10:03:35 AM,MED #8 KL,Accepted Online,2019,Med Student 365
1/30/2017 10:05:31 AM,Med Annex1,Accepted Online,2020,Med Student 453
1/30/2017 10:08:05 AM,Med Annex2,Accepted Online,2019,Med Student 318
1/30/2017 10:13:52 AM,Med Annex2,Accepted Online,2019,Med Student 332
1/30/2017 10:35:01 AM,Med #1 KL,Accepted Online,2019,Med Student 417
1/30/2017 10:43:52 AM,MED #9 KL,Accepted Online,2019,Med Student 366
1/30/2017 11:00:53 AM,MED #3 KL,Accepted Online,2020,Med Student 474
1/30/2017 11:03:01 AM,Med Annex2,Accepted Online,2020,Med Student 564
1/30/2017 11:03:45 AM,MED #9 KL,Accepted Online,2019,Med Student 366
1/30/2017 11:20:34 AM,Med Annex1,Accepted Online,2020,Med Student 508
1/30/2017 11:24:04 AM,MED #8 KL,Accepted Online,2019,Med Student 365
1/30/2017 11:31:34 AM,Med #1 KL,Accepted Online,2020,Med Student 488
1/30/2017 11:32:05 AM,Med Annex1,Accepted Online,2020,Med Student 564
1/30/2017 11:44:06 AM,Med Annex2,Accepted Online,2019,Med Student 366
1/30/2017 11:44:59 AM,MED #9 KL,Accepted Online,2019,Med Student 366
1/30/2017 11:49:01 AM,Med Annex2,Accepted Online,2019,Med Student 439
1/30/2017 12:12:47 PM,Med Annex2,Accepted Online,2019,Med Student 318
1/30/2017 12:16:15 PM,Med #2 KL,Accepted Online,2019,Med Student 369
1/30/2017 12:18:30 PM,Med Annex2,Accepted Online,2019,Med Student 404
1/30/2017 12:19:21 PM,Med #2 KL,Accepted Online,2019,Med Student 369
1/30/2017 12:27:21 PM,MED #6 KL,Accepted Online,2019,Med Student 337
1/30/2017 12:36:03 PM,MED #8 KL,Accepted Online,2019,Med Student 365
1/30/2017 12:38:23 PM,Med Annex2,Accepted Online,2019,Med Student 318
1/30/2017 12:53:52 PM,Med #2 KL,Accepted Online,2019,Med Student 369
1/30/2017 12:57:16 PM,Med Annex2,Accepted Online,2019,Med Student 318
1/30/2017 12:58:09 PM,Med Annex2,Accepted Online,2019,Med Student 404
1/30/2017 1:13:17 PM,Med Annex1,Accepted Online,2019,Med Student 439
1/30/2017 3:48:05 PM,Med Annex2,Accepted Online,2020,Med Student 564
1/30/2017 3:50:37 PM,Med Annex1,Accepted Online,2020,Med Student 564
1/30/2017 3:53:23 PM,Med Annex2,Accepted Online,2020,Med Student 464
1/30/2017 3:53:24 PM,MED #8 KL,Accepted Online,2020,Med Student 476
1/30/2017 3:54:06 PM,MED #3 KL,Accepted Online,2020,Med Student 501
1/30/2017 3:56:15 PM,MED #3 KL,Accepted Online,2020,Med Student 501
1/30/2017 3:56:46 PM,MED #8 KL,Accepted Online,2020,Med Student 561
1/30/2017 3:57:59 PM,MED #8 KL,Accepted Online,2020,Med Student 547
1/30/2017 3:58:55 PM,MED #3 KL,Accepted Online,2020,Med Student 561
1/30/2017 3:59:24 PM,MED #6 KL,Accepted Online,2020,Med Student 461
1/30/2017 4:00:45 PM,MED #8 KL,Accepted Online,2020,Med Student 476
1/30/2017 4:01:27 PM,MED #8 KL,Accepted Online,2020,Med Student 561
1/30/2017 4:01:54 PM,MED #8 KL,Accepted Online,2020,Med Student 547
1/30/2017 4:07:16 PM,MED #8 KL,Accepted Online,2020,Med Student 553
1/30/2017 4:09:06 PM,MED #8 KL,Accepted Online,2020,Med Student 493
1/30/2017 4:11:13 PM,Med Annex2,Accepted Online,2018,Med Student 283
1/30/2017 4:29:57 PM,Med Annex2,Accepted Online,2020,Med Student 464
1/30/2017 4:45:39 PM,Med #1 KL,Accepted Online,2019,Med Student 369
1/30/2017 4:46:33 PM,Med #1 KL,Accepted Online,2019,Med Student 369
1/30/2017 4:46:36 PM,Med Annex1,Accepted Online,2020,Med Student 464
1/30/2017 5:02:13 PM,MED #8 KL,Accepted Online,2020,Med Student 484
1/30/2017 5:06:03 PM,MED #8 KL,Accepted Online,2020,Med Student 484
1/30/2017 5:10:12 PM,Med Annex2,Accepted Online,2019,Med Student 364
1/30/2017 5:13:12 PM,Med Annex2,Accepted Online,2020,Med Student 478
1/30/2017 5:16:21 PM,Med Annex2,Accepted Online,2020,Med Student 472
1/30/2017 5:22:42 PM,MED #8 KL,Accepted Online,2020,Med Student 547
1/30/2017 5:31:36 PM,Med Annex1,Accepted Online,2019,Med Student 364
1/30/2017 5:42:57 PM,Med Annex1,Accepted Online,2020,Med Student 500
1/30/2017 5:48:15 PM,MED #3 KL,Accepted Online,2020,Med Student 501
1/30/2017 5:49:38 PM,MED #8 KL,Accepted Online,2020,Med Student 527
1/30/2017 6:02:08 PM,Med Annex1,Accepted Online,2020,Med Student 527
1/30/2017 6:05:45 PM,Med Annex2,Accepted Online,2020,Med Student 488
1/30/2017 6:20:49 PM,Med Annex2,Accepted Online,2020,Med Student 492
1/30/2017 6:21:14 PM,MED #8 KL,Accepted Online,2020,Med Student 493
1/30/2017 6:21:54 PM,MED #9 KL,Accepted Online,2020,Med Student 553
1/30/2017 6:29:47 PM,Med Annex2,Accepted Online,2019,Med Student 357
1/30/2017 6:36:12 PM,Med Annex1,Accepted Online,2020,Med Student 564
1/30/2017 6:46:00 PM,MED #8 KL,Accepted Online,2020,Med Student 561
1/30/2017 6:47:19 PM,MED #3 KL,Accepted Online,2020,Med Student 561
1/30/2017 6:49:38 PM,Med Annex2,Accepted Online,2019,Med Student 369
1/30/2017 6:56:19 PM,Med Annex1,Accepted Online,2020,Med Student 561
1/30/2017 7:02:05 PM,Med Annex2,Accepted Online,2020,Med Student 478
1/30/2017 7:23:11 PM,Med Annex1,Accepted Online,2020,Med Student 464
1/30/2017 7:25:00 PM,MED #8 KL,Accepted Online,2020,Med Student 553
1/30/2017 7:29:02 PM,MED #9 KL,Accepted Online,2020,Med Student 553
1/30/2017 7:30:25 PM,Med Annex2,Accepted Online,2020,Med Student 454
1/30/2017 7:41:48 PM,Med Annex2,Accepted Online,2020,Med Student 510
1/30/2017 8:01:20 PM,MED #8 KL,Accepted Online,2020,Med Student 553
1/30/2017 8:07:58 PM,Med Annex1,Accepted Online,2020,Med Student 564
1/30/2017 8:09:16 PM,Med Annex2,Accepted Online,2020,Med Student 492
1/30/2017 8:11:51 PM,Med Annex1,Accepted Online,2020,Med Student 564
1/30/2017 8:15:15 PM,Med Annex2,Accepted Online,2020,Med Student 500
1/30/2017 8:18:52 PM,Med Annex1,Accepted Online,2020,Med Student 500
1/30/2017 8:46:14 PM,Med Annex2,Accepted Online,2020,Med Student 478
1/30/2017 9:09:47 PM,Med Annex1,Accepted Online,2020,Med Student 478
1/30/2017 9:13:06 PM,MED #3 KL,Accepted Online,2020,Med Student 501
1/30/2017 9:26:38 PM,Med Annex1,Accepted Online,2020,Med Student 464
1/30/2017 9:56:28 PM,Med Annex2,Accepted Online,2020,Med Student 484
1/30/2017 11:04:21 PM,Med Annex1,Accepted Online,2020,Med Student 478
1/31/2017 7:21:46 AM,Med Annex2,Accepted Online,2020,Med Student 551
1/31/2017 7:43:20 AM,MED #5 KL,Accepted Online,2020,Med Student 511
1/31/2017 7:44:51 AM,MED #5 KL,Accepted Online,2020,Med Student 511
1/31/2017 7:46:01 AM,MED #8 KL,Accepted Online,2020,Med Student 476
1/31/2017 8:06:32 AM,Med Annex1,Accepted Online,2020,Med Student 551
1/31/2017 8:25:30 AM,Med Annex2,Accepted Online,2019,Med Student 318
1/31/2017 8:49:34 AM,Med Annex1,Accepted Online,2020,Med Student 551
1/31/2017 9:14:32 AM,Med Annex1,Accepted Online,2020,Med Student 551
1/31/2017 9:24:09 AM,MED #3 KL,Accepted Online,2020,Med Student 482
1/31/2017 9:28:46 AM,MED #3 KL,Accepted Online,2020,Med Student 482
1/31/2017 9:28:51 AM,MED #8 KL,Accepted Online,2020,Med Student 540
1/31/2017 9:29:25 AM,MED #8 KL,Accepted Online,2020,Med Student 510
1/31/2017 9:29:33 AM,Med #1 KL,Accepted Online,2020,Med Student 513
1/31/2017 9:29:43 AM,MED #7 KL,Accepted Online,2020,Med Student 513
1/31/2017 9:29:58 AM,MED #8 KL,Accepted Online,2020,Med Student 543
1/31/2017 9:30:54 AM,Med Annex2,Accepted Online,2020,Med Student 484
1/31/2017 9:31:41 AM,MED #4 KL,Accepted Online,{null},{null}
1/31/2017 9:32:12 AM,MED #4 KL,Accepted Online,{null},Staff
1/31/2017 9:33:06 AM,MED #7 KL,Accepted Online,2020,Med Student 513
1/31/2017 9:34:14 AM,MED #8 KL,Accepted Online,2020,Med Student 567
1/31/2017 9:45:01 AM,MED #8 KL,Accepted Online,2020,Med Student 473
1/31/2017 9:46:18 AM,MED #4 KL,Accepted Online,2020,Med Student 510
1/31/2017 10:11:33 AM,MED #4 KL,Accepted Online,2020,Med Student 540
1/31/2017 10:14:45 AM,Med #2 KL,Accepted Online,2020,Med Student 538
1/31/2017 10:15:57 AM,Med Annex2,Accepted Online,2019,Med Student 318
1/31/2017 10:30:49 AM,Med #2 KL,Accepted Online,2020,Med Student 538
1/31/2017 10:31:08 AM,MED #9 KL,Accepted Online,2020,Med Student 538
1/31/2017 10:49:40 AM,MED #8 KL,Accepted Online,2020,Med Student 476
1/31/2017 10:51:01 AM,MED #8 KL,Accepted Online,2020,Med Student 480
1/31/2017 10:51:07 AM,Med Annex2,Accepted Online,2020,Med Student 484
1/31/2017 10:51:35 AM,Med Annex2,Accepted Online,2020,Med Student 564
1/31/2017 10:51:58 AM,Med Annex2,Accepted Online,2020,Med Student 464
1/31/2017 10:52:26 AM,MED #8 KL,Accepted Online,2019,Med Student 382
1/31/2017 10:56:29 AM,MED #8 KL,Accepted Online,2019,Med Student 443
1/31/2017 10:59:39 AM,Med #2 KL,Accepted Online,2020,Med Student 564
1/31/2017 10:59:44 AM,MED #8 KL,Accepted Online,2020,Med Student 473
1/31/2017 11:00:21 AM,MED #6 KL,Accepted Online,2019,Med Student 337
1/31/2017 11:00:35 AM,Med #2 KL,Accepted Online,2020,Med Student 564
1/31/2017 11:00:45 AM,MED #5 KL,Accepted Online,2020,Med Student 551
1/31/2017 11:00:46 AM,Med #1 KL,Accepted Online,2020,Med Student 511
1/31/2017 11:01:03 AM,Med Annex2,Accepted Online,2019,Med Student 431
1/31/2017 11:02:21 AM,MED #8 KL,Accepted Online,2019,Med Student 365
1/31/2017 11:03:15 AM,MED #4 KL,Accepted Online,2019,Med Student 337
1/31/2017 11:05:25 AM,Med Annex2,Accepted Online,2020,Med Student 492
1/31/2017 11:06:01 AM,Med Annex1,Accepted Online,2020,Med Student 480
1/31/2017 11:06:13 AM,MED #4 KL,Accepted Online,2019,Med Student 386
1/31/2017 11:06:37 AM,Med Annex2,Accepted Online,2020,Med Student 559
1/31/2017 11:06:52 AM,Med Annex1,Accepted Online,2020,Med Student 511
1/31/2017 11:07:45 AM,Med #1 KL,Accepted Online,2020,Med Student 511
1/31/2017 11:08:35 AM,Med Annex1,Accepted Online,2019,Med Student 379
1/31/2017 11:10:47 AM,MED #6 KL,Accepted Online,2019,Med Student 337
1/31/2017 11:11:08 AM,MED #5 KL,Accepted Online,2020,Med Student 551
1/31/2017 11:11:12 AM,Med Annex2,Accepted Online,2020,Med Student 492
1/31/2017 11:12:38 AM,MED #5 KL,Accepted Online,2020,Med Student 551
1/31/2017 11:13:24 AM,Med Annex1,Accepted Online,2020,Med Student 551
1/31/2017 11:15:11 AM,MED #7 KL,Accepted Online,2020,Med Student 513
1/31/2017 11:16:48 AM,MED #8 KL,Accepted Online,2020,Med Student 567
1/31/2017 11:20:18 AM,Med Annex1,Accepted Online,2020,Med Student 464
1/31/2017 11:26:29 AM,Med Annex1,Accepted Online,2020,Med Student 564
1/31/2017 11:27:44 AM,MED #8 KL,Accepted Online,2019,Med Student 365
1/31/2017 11:28:18 AM,Med #2 KL,Accepted Online,2020,Med Student 564
1/31/2017 11:29:35 AM,Med #2 KL,Accepted Online,2020,Med Student 564
1/31/2017 11:29:54 AM,MED #3 KL,Accepted Online,2020,Med Student 482
1/31/2017 11:34:22 AM,MED #8 KL,Accepted Online,2019,Med Student 348
1/31/2017 11:38:16 AM,MED #8 KL,Accepted Online,2019,Med Student 348
1/31/2017 11:47:05 AM,MED #4 KL,Accepted Online,{null},Staff
1/31/2017 11:50:14 AM,MED #5 KL,Accepted Online,2017,Med Student 139
1/31/2017 11:50:24 AM,Med Annex2,Accepted Online,2019,Med Student 379
1/31/2017 12:02:04 PM,MED #8 KL,Accepted Online,2020,Med Student 567
1/31/2017 12:03:22 PM,Med Annex2,Accepted Online,2019,Med Student 379
1/31/2017 12:04:04 PM,Med Annex1,Accepted Online,2020,Med Student 564
1/31/2017 12:06:49 PM,MED #4 KL,Accepted Online,2019,Med Student 386
1/31/2017 12:09:40 PM,MED #4 KL,Accepted Online,2019,Med Student 386
1/31/2017 12:17:53 PM,Med Annex2,Accepted Online,2019,Med Student 337
1/31/2017 12:19:16 PM,MED #6 KL,Accepted Online,2019,Med Student 337
1/31/2017 12:19:27 PM,Med Annex2,Accepted Online,{null},Staff
1/31/2017 12:22:38 PM,MED #4 KL,Accepted Online,2020,Med Student 540
1/31/2017 12:24:31 PM,Med Annex1,Accepted Online,2017,Med Student 139
1/31/2017 12:25:47 PM,MED #4 KL,Accepted Online,2020,Med Student 473
1/31/2017 12:30:51 PM,Med #1 KL,Accepted Online,2020,Med Student 511
1/31/2017 12:34:10 PM,Med Annex1,Accepted Online,2020,Med Student 492
1/31/2017 12:43:00 PM,MED #8 KL,Accepted Online,2020,Med Student 543
1/31/2017 12:50:07 PM,Med Annex2,Accepted Online,2019,Med Student 366
1/31/2017 1:25:54 PM,Med Annex1,Accepted Online,2017,Med Student 139
1/31/2017 1:50:33 PM,Med Annex1,Accepted Online,2017,Med Student 139
1/31/2017 2:16:02 PM,MED #8 KL,Accepted Online,2019,Med Student 421
1/31/2017 2:18:05 PM,MED #8 KL,Accepted Online,2020,Med Student 478
1/31/2017 2:18:12 PM,Med Annex2,Accepted Online,2020,Med Student 472
1/31/2017 2:21:51 PM,Med Annex1,Accepted Online,2020,Med Student 478
1/31/2017 2:22:19 PM,Med Annex1,Accepted Online,2020,Med Student 472
1/31/2017 2:22:38 PM,MED #9 KL,Accepted Online,2020,Med Student 472
1/31/2017 2:29:39 PM,Med Annex2,Accepted Online,2019,Med Student 348
1/31/2017 2:34:31 PM,Med Annex2,Accepted Online,2020,Med Student 472
1/31/2017 2:35:20 PM,MED #9 KL,Accepted Online,2020,Med Student 472
1/31/2017 2:36:10 PM,Med Annex1,Accepted Online,2020,Med Student 481
1/31/2017 3:11:20 PM,MED #9 KL,Accepted Online,2020,Med Student 500
1/31/2017 3:57:50 PM,MED #5 KL,Accepted Online,2019,Med Student 326
1/31/2017 3:59:21 PM,MED #6 KL,Accepted Online,2019,Med Student 337
1/31/2017 4:02:19 PM,MED #8 KL,Accepted Online,2019,Med Student 372
1/31/2017 4:03:23 PM,Med Annex2,Accepted Online,2020,Med Student 564
1/31/2017 4:05:11 PM,MED #4 KL,Accepted Online,2019,Med Student 386
1/31/2017 4:06:16 PM,MED #8 KL,Accepted Online,2019,Med Student 332
1/31/2017 4:06:31 PM,MED #8 KL,Accepted Online,2020,Med Student 561
1/31/2017 4:06:47 PM,Med Annex1,Accepted Online,2020,Med Student 464
1/31/2017 4:07:22 PM,MED #4 KL,Accepted Online,2019,Med Student 386
1/31/2017 4:08:22 PM,MED #6 KL,Accepted Online,2019,Med Student 337
1/31/2017 4:08:38 PM,MED #8 KL,Accepted Online,2020,Med Student 527
1/31/2017 4:09:41 PM,MED #8 KL,Accepted Online,2020,Med Student 561
1/31/2017 4:09:59 PM,MED #8 KL,Accepted Online,2020,Med Student 567
1/31/2017 4:10:53 PM,Med Annex2,Accepted Online,2019,Med Student 339
1/31/2017 4:11:36 PM,MED #8 KL,Accepted Online,2020,Med Student 553
1/31/2017 4:13:32 PM,Med Annex1,Accepted Online,2020,Med Student 500
1/31/2017 4:14:17 PM,MED #8 KL,Accepted Online,2020,Med Student 473
1/31/2017 4:15:19 PM,MED #8 KL,Accepted Online,2020,Med Student 493
1/31/2017 4:16:40 PM,MED #9 KL,Accepted Online,2020,Med Student 472
1/31/2017 4:17:26 PM,MED #8 KL,Accepted Online,2019,Med Student 426
1/31/2017 4:19:55 PM,MED #8 KL,Accepted Online,2020,Med Student 493
1/31/2017 4:21:15 PM,MED #8 KL,Accepted Online,2020,Med Student 547
1/31/2017 4:25:19 PM,MED #8 KL,Accepted Online,2020,Med Student 547
1/31/2017 4:26:19 PM,MED #3 KL,Accepted Online,2019,Med Student 342
1/31/2017 4:28:54 PM,Med #1 KL,Accepted Online,2019,Med Student 379
1/31/2017 4:28:57 PM,Med #2 KL,Accepted Online,2019,Med Student 439
1/31/2017 4:29:14 PM,MED #7 KL,Accepted Online,2019,Med Student 379
1/31/2017 4:30:30 PM,MED #7 KL,Accepted Online,2019,Med Student 379
1/31/2017 4:34:21 PM,Med Annex1,Accepted Online,2020,Med Student 472
1/31/2017 4:34:40 PM,MED #8 KL,Accepted Online,2020,Med Student 484
1/31/2017 4:34:53 PM,MED #9 KL,Accepted Online,2020,Med Student 472
1/31/2017 4:45:31 PM,MED #8 KL,Accepted Online,2020,Med Student 478
1/31/2017 4:47:43 PM,MED #8 KL,Accepted Online,2019,Med Student 342
1/31/2017 4:54:47 PM,MED #8 KL,Accepted Online,2020,Med Student 484
1/31/2017 4:55:36 PM,Med #1 KL,Accepted Online,2019,Med Student 352
1/31/2017 4:56:10 PM,MED #8 KL,Accepted Online,2020,Med Student 478
1/31/2017 4:56:28 PM,Med Annex1,Accepted Online,2019,Med Student 352
1/31/2017 5:00:13 PM,MED #4 KL,Accepted Online,2019,Med Student 372
1/31/2017 5:03:35 PM,Med Annex2,Accepted Online,2020,Med Student 492
1/31/2017 5:11:44 PM,MED #5 KL,Accepted Online,2019,Med Student 326
1/31/2017 5:13:10 PM,MED #5 KL,Accepted Online,2019,Med Student 326
1/31/2017 5:18:54 PM,Med Annex1,Accepted Online,2019,Med Student 379
1/31/2017 5:27:29 PM,MED #8 KL,Accepted Online,2020,Med Student 493
1/31/2017 5:27:33 PM,MED #4 KL,Accepted Online,2019,Med Student 386
1/31/2017 5:28:28 PM,MED #7 KL,Accepted Online,2019,Med Student 379
1/31/2017 5:35:00 PM,MED #8 KL,Accepted Online,2019,Med Student 372
1/31/2017 5:40:12 PM,Med #1 KL,Accepted Online,2019,Med Student 416
1/31/2017 5:41:58 PM,Med #1 KL,Accepted Online,2019,Med Student 416
1/31/2017 5:44:36 PM,MED #8 KL,Accepted Online,2020,Med Student 567
1/31/2017 5:48:19 PM,MED #8 KL,Accepted Online,2020,Med Student 473
1/31/2017 5:50:54 PM,Med Annex1,Accepted Online,2020,Med Student 547
1/31/2017 5:53:36 PM,Med Annex1,Accepted Online,2019,Med Student 352
1/31/2017 6:03:29 PM,MED #4 KL,Accepted Online,2020,Med Student 484
1/31/2017 6:06:54 PM,MED #8 KL,Accepted Online,2019,Med Student 342
1/31/2017 6:12:20 PM,MED #8 KL,Accepted Online,2019,Med Student 386
1/31/2017 6:13:03 PM,MED #4 KL,Accepted Online,2019,Med Student 372
1/31/2017 6:13:41 PM,Med Annex1,Accepted Online,2020,Med Student 464
1/31/2017 6:14:27 PM,MED #6 KL,Accepted Online,2019,Med Student 337
1/31/2017 6:18:40 PM,MED #8 KL,Accepted Online,2020,Med Student 478
1/31/2017 6:23:46 PM,MED #4 KL,Accepted Online,2020,Med Student 492
1/31/2017 6:29:43 PM,MED #8 KL,Accepted Online,2020,Med Student 553
1/31/2017 6:31:45 PM,MED #8 KL,Accepted Online,2020,Med Student 553
1/31/2017 6:36:39 PM,MED #8 KL,Accepted Online,2020,Med Student 527
1/31/2017 6:45:43 PM,MED #8 KL,Accepted Online,2020,Med Student 567
1/31/2017 6:49:36 PM,MED #8 KL,Accepted Online,2020,Med Student 527
1/31/2017 6:53:24 PM,MED #4 KL,Accepted Online,2019,Med Student 386
1/31/2017 6:54:52 PM,Med Annex2,Accepted Online,2019,Med Student 337
1/31/2017 6:59:33 PM,MED #8 KL,Accepted Online,2020,Med Student 476
1/31/2017 7:01:12 PM,MED #8 KL,Accepted Online,2020,Med Student 484
1/31/2017 7:04:23 PM,MED #8 KL,Accepted Online,2020,Med Student 500
1/31/2017 7:11:51 PM,MED #8 KL,Accepted Online,2019,Med Student 372
1/31/2017 7:13:23 PM,MED #8 KL,Accepted Online,2020,Med Student 561
1/31/2017 7:16:16 PM,MED #8 KL,Accepted Online,2020,Med Student 547
1/31/2017 7:24:57 PM,MED #8 KL,Accepted Online,2020,Med Student 567
1/31/2017 7:26:02 PM,MED #8 KL,Accepted Online,2020,Med Student 561
1/31/2017 7:30:11 PM,MED #8 KL,Accepted Online,2020,Med Student 493
1/31/2017 7:49:02 PM,MED #3 KL,Accepted Online,2020,Med Student 493
1/31/2017 7:49:19 PM,Med Annex1,Accepted Online,2020,Med Student 564
1/31/2017 7:50:47 PM,Med Annex1,Accepted Online,2020,Med Student 564
1/31/2017 7:55:47 PM,Med Annex2,Accepted Online,2019,Med Student 357
1/31/2017 8:06:50 PM,Med Annex1,Accepted Online,2020,Med Student 464
1/31/2017 8:47:19 PM,Med Annex2,Accepted Online,2020,Med Student 509
1/31/2017 8:57:53 PM,Med Annex2,Accepted Online,2020,Med Student 561
1/31/2017 9:00:36 PM,Med Annex1,Accepted Online,2020,Med Student 493
1/31/2017 9:21:00 PM,MED #8 KL,Accepted Online,2020,Med Student 547
1/31/2017 10:32:53 PM,Med Annex2,Accepted Online,2020,Med Student 450
2/1/2017 6:36:55 AM,Med Annex2,Accepted Online,2019,Med Student 318
2/1/2017 8:04:07 AM,MED #8 KL,Accepted Online,2019,Med Student 364
2/1/2017 8:11:19 AM,MED #8 KL,Accepted Online,2019,Med Student 364
2/1/2017 8:38:03 AM,MED #5 KL,Accepted Online,2020,Med Student 511
2/1/2017 9:03:21 AM,MED #8 KL,Accepted Online,2019,Med Student 369
2/1/2017 9:03:27 AM,MED #4 KL,Accepted Online,{null},Staff
2/1/2017 9:10:32 AM,MED #4 KL,Accepted Online,2019,Med Student 426
2/1/2017 9:16:09 AM,MED #8 KL,Accepted Online,2019,Med Student 399
2/1/2017 9:18:05 AM,MED #4 KL,Accepted Online,{null},Faculty
2/1/2017 9:28:28 AM,MED #5 KL,Accepted Online,2020,Med Student 511
2/1/2017 9:51:16 AM,Med Annex2,Accepted Online,2017,Med Student 136
2/1/2017 9:53:10 AM,Med Annex2,Accepted Online,2017,Med Student 136
2/1/2017 9:56:06 AM,MED #5 KL,Accepted Online,2020,Med Student 511
2/1/2017 9:59:29 AM,Med Annex2,Accepted Online,2020,Med Student 551
2/1/2017 10:23:10 AM,MED #8 KL,Accepted Online,2019,Med Student 369
2/1/2017 10:35:11 AM,MED #8 KL,Accepted Online,2019,Med Student 399
2/1/2017 10:52:38 AM,Med Annex2,Accepted Online,2019,Med Student 318
2/1/2017 10:57:07 AM,Med Annex2,Accepted Online,2019,Med Student 318
2/1/2017 10:58:03 AM,MED #8 KL,Accepted Online,2019,Med Student 393
2/1/2017 10:58:34 AM,MED #8 KL,Accepted Online,2020,Med Student 476
2/1/2017 10:59:30 AM,Med Annex2,Accepted Online,2020,Med Student 464
2/1/2017 11:01:31 AM,MED #3 KL,Accepted Online,2020,Med Student 482
2/1/2017 11:02:16 AM,MED #8 KL,Accepted Online,2020,Med Student 473
2/1/2017 11:02:31 AM,MED #4 KL,Accepted Online,{null},Staff
2/1/2017 11:02:53 AM,MED #8 KL,Accepted Online,2019,Med Student 374
2/1/2017 11:03:00 AM,Med Annex2,Accepted Online,2019,Med Student 404
2/1/2017 11:04:30 AM,MED #3 KL,Accepted Online,2020,Med Student 482
2/1/2017 11:05:15 AM,Med Annex1,Accepted Online,2020,Med Student 482
2/1/2017 11:05:42 AM,MED #8 KL,Accepted Online,2020,Med Student 540
2/1/2017 11:05:46 AM,Med Annex1,Accepted Online,2020,Med Student 464
2/1/2017 11:08:19 AM,MED #3 KL,Accepted Online,2020,Med Student 482
2/1/2017 11:12:21 AM,MED #7 KL,Accepted Online,2020,Med Student 516
2/1/2017 11:13:39 AM,Med Annex1,Accepted Online,2019,Med Student 404
2/1/2017 11:15:10 AM,MED #8 KL,Accepted Online,2019,Med Student 372
2/1/2017 11:17:26 AM,Med Annex2,Accepted Online,2020,Med Student 526
2/1/2017 11:20:20 AM,Med Annex2,Accepted Online,2019,Med Student 369
2/1/2017 11:20:26 AM,MED #8 KL,Accepted Online,2019,Med Student 426
2/1/2017 11:22:46 AM,MED #8 KL,Accepted Online,2020,Med Student 502
2/1/2017 11:23:34 AM,Med Annex1,Accepted Online,2020,Med Student 551
2/1/2017 11:24:09 AM,MED #8 KL,Accepted Online,2019,Med Student 369
2/1/2017 11:24:53 AM,Med Annex1,Accepted Online,2020,Med Student 502
2/1/2017 11:33:39 AM,MED #8 KL,Accepted Online,2019,Med Student 372
2/1/2017 11:34:21 AM,MED #9 KL,Accepted Online,2020,Med Student 473
2/1/2017 11:36:02 AM,MED #8 KL,Accepted Online,2020,Med Student 502
2/1/2017 11:38:40 AM,MED #8 KL,Accepted Online,2019,Med Student 374
2/1/2017 11:45:28 AM,Med Annex1,Accepted Online,2020,Med Student 564
2/1/2017 11:45:29 AM,Med #1 KL,Accepted Online,2020,Med Student 538
2/1/2017 11:48:34 AM,MED #4 KL,Accepted Online,{null},Staff
2/1/2017 11:50:23 AM,Med Annex1,Accepted Online,2019,Med Student 393
2/1/2017 11:53:01 AM,Med Annex2,Accepted Online,2019,Med Student 393
2/1/2017 11:56:21 AM,MED #8 KL,Accepted Online,2019,Med Student 372
2/1/2017 11:57:15 AM,MED #8 KL,Accepted Online,2019,Med Student 399
2/1/2017 11:57:49 AM,MED #8 KL,Accepted Online,2020,Med Student 473
2/1/2017 12:00:55 PM,MED #8 KL,Accepted Online,2020,Med Student 473
2/1/2017 12:04:45 PM,Med #2 KL,Accepted Online,2020,Med Student 511
2/1/2017 12:04:53 PM,Med Annex2,Accepted Online,2019,Med Student 364
2/1/2017 12:07:48 PM,Med #2 KL,Accepted Online,2020,Med Student 511
2/1/2017 12:08:37 PM,MED #4 KL,Accepted Online,2020,Med Student 540
2/1/2017 12:18:55 PM,Med Annex2,Accepted Online,2020,Med Student 492
2/1/2017 12:29:14 PM,Med Annex2,Accepted Online,2019,Med Student 364
2/1/2017 12:34:34 PM,MED #8 KL,Accepted Online,2020,Med Student 567
2/1/2017 12:42:00 PM,MED #3 KL,Accepted Online,2020,Med Student 482
2/1/2017 12:47:50 PM,MED #4 KL,Accepted Online,2020,Med Student 540
2/1/2017 12:55:06 PM,MED #8 KL,Accepted Online,2020,Med Student 473
2/1/2017 12:58:11 PM,MED #8 KL,Accepted Online,2020,Med Student 566
2/1/2017 1:03:14 PM,MED #4 KL,Accepted Online,2019,Med Student 426
2/1/2017 1:43:04 PM,Med Annex2,Accepted Online,2020,Med Student 469
2/1/2017 1:43:56 PM,MED #3 KL,Accepted Online,2020,Med Student 482
2/1/2017 1:44:07 PM,MED #8 KL,Accepted Online,2019,Med Student 374
2/1/2017 2:01:30 PM,MED #8 KL,Accepted Online,2019,Med Student 393
2/1/2017 2:04:10 PM,MED #7 KL,Accepted Online,2020,Med Student 516
2/1/2017 2:04:47 PM,MED #8 KL,Accepted Online,2020,Med Student 496
2/1/2017 2:06:39 PM,MED #8 KL,Accepted Online,2019,Med Student 426
2/1/2017 2:07:59 PM,MED #4 KL,Accepted Online,2020,Med Student 540
2/1/2017 2:14:05 PM,Med Annex1,Accepted Online,2020,Med Student 482
2/1/2017 2:17:00 PM,MED #3 KL,Accepted Online,2020,Med Student 482
2/1/2017 2:21:29 PM,Med Annex2,Accepted Online,2020,Med Student 473
2/1/2017 2:21:53 PM,Med Annex2,Accepted Online,2019,Med Student 404
2/1/2017 2:23:41 PM,Med Annex2,Accepted Online,2020,Med Student 564
2/1/2017 2:24:24 PM,MED #9 KL,Accepted Online,2020,Med Student 551
2/1/2017 2:26:10 PM,MED #8 KL,Accepted Online,2020,Med Student 476
2/1/2017 2:26:50 PM,MED #9 KL,Accepted Online,2020,Med Student 551
2/1/2017 2:28:00 PM,MED #8 KL,Accepted Online,2020,Med Student 561
2/1/2017 2:29:35 PM,MED #8 KL,Accepted Online,2020,Med Student 502
2/1/2017 2:29:55 PM,MED #8 KL,Accepted Online,2019,Med Student 374
2/1/2017 2:32:28 PM,MED #8 KL,Accepted Online,2020,Med Student 502
2/1/2017 2:34:17 PM,Med Annex1,Accepted Online,2020,Med Student 464
2/1/2017 2:34:19 PM,MED #8 KL,Accepted Online,2020,Med Student 563
2/1/2017 2:39:12 PM,Med Annex2,Accepted Online,2020,Med Student 492
2/1/2017 2:41:23 PM,Med Annex2,Accepted Online,2020,Med Student 480
2/1/2017 2:53:10 PM,MED #8 KL,Accepted Online,2020,Med Student 493
2/1/2017 3:01:03 PM,Med Annex1,Accepted Online,2020,Med Student 492
2/1/2017 3:04:33 PM,MED #4 KL,Accepted Online,2020,Med Student 456
2/1/2017 3:09:13 PM,MED #8 KL,Accepted Online,2020,Med Student 527
2/1/2017 3:21:35 PM,Med Annex2,Accepted Online,2020,Med Student 537
2/1/2017 3:23:27 PM,Med Annex1,Accepted Online,2020,Med Student 464
2/1/2017 3:32:21 PM,Med Annex1,Accepted Online,2020,Med Student 547
2/1/2017 3:36:53 PM,MED #9 KL,Accepted Online,2020,Med Student 551
2/1/2017 3:40:31 PM,MED #9 KL,Accepted Online,2020,Med Student 551
2/1/2017 3:41:11 PM,Med Annex2,Accepted Online,{null},Staff
2/1/2017 3:45:59 PM,MED #8 KL,Accepted Online,2020,Med Student 493
2/1/2017 3:48:30 PM,Med Annex2,Accepted Online,2020,Med Student 527
2/1/2017 3:50:48 PM,MED #8 KL,Accepted Online,2020,Med Student 496
2/1/2017 3:52:13 PM,MED #8 KL,Accepted Online,2019,Med Student 393
2/1/2017 3:54:59 PM,MED #8 KL,Accepted Online,2020,Med Student 496
2/1/2017 3:56:45 PM,MED #8 KL,Accepted Online,2020,Med Student 486
2/1/2017 3:58:14 PM,MED #8 KL,Accepted Online,2020,Med Student 478
2/1/2017 4:00:18 PM,MED #8 KL,Accepted Online,2020,Med Student 486
2/1/2017 4:01:08 PM,Med Annex2,Accepted Online,{null},Staff
2/1/2017 4:03:00 PM,MED #8 KL,Accepted Online,2020,Med Student 484
2/1/2017 4:05:32 PM,MED #4 KL,Accepted Online,{null},{null}
2/1/2017 4:06:05 PM,MED #9 KL,Accepted Online,2020,Med Student 561
2/1/2017 4:07:43 PM,MED #8 KL,Accepted Online,2020,Med Student 553
2/1/2017 4:09:27 PM,MED #8 KL,Accepted Online,2020,Med Student 484
2/1/2017 4:13:52 PM,Med Annex2,Accepted Online,2020,Med Student 492
2/1/2017 4:14:55 PM,Med Annex2,Accepted Online,{null},Staff
2/1/2017 4:15:36 PM,MED #8 KL,Accepted Online,2020,Med Student 493
2/1/2017 4:17:45 PM,MED #5 KL,Accepted Online,2020,Med Student 486
2/1/2017 4:20:25 PM,Med Annex2,Accepted Online,2020,Med Student 473
2/1/2017 4:22:29 PM,MED #8 KL,Accepted Online,2020,Med Student 462
2/1/2017 4:26:07 PM,MED #8 KL,Accepted Online,2020,Med Student 462
2/1/2017 4:27:14 PM,MED #8 KL,Accepted Online,2019,Med Student 374
2/1/2017 4:28:11 PM,Med Annex1,Accepted Online,2020,Med Student 551
2/1/2017 4:28:16 PM,MED #3 KL,Accepted Online,2020,Med Student 462
2/1/2017 4:30:44 PM,MED #9 KL,Accepted Online,2020,Med Student 551
2/1/2017 4:31:48 PM,MED #7 KL,Accepted Online,2020,Med Student 493
2/1/2017 4:34:02 PM,MED #8 KL,Accepted Online,2020,Med Student 472
2/1/2017 4:35:35 PM,MED #8 KL,Accepted Online,2020,Med Student 502
2/1/2017 4:35:51 PM,MED #7 KL,Accepted Online,2020,Med Student 493
2/1/2017 4:36:11 PM,MED #8 KL,Accepted Online,2020,Med Student 553
2/1/2017 4:37:47 PM,Med #2 KL,Accepted Online,2020,Med Student 566
2/1/2017 4:38:08 PM,Med #1 KL,Accepted Online,2020,Med Student 547
2/1/2017 4:40:46 PM,MED #8 KL,Accepted Online,2020,Med Student 486
2/1/2017 4:40:58 PM,MED #8 KL,Accepted Online,2020,Med Student 563
2/1/2017 4:46:54 PM,Med Annex2,Accepted Online,2020,Med Student 473
2/1/2017 4:50:43 PM,Med #2 KL,Accepted Online,2020,Med Student 473
2/1/2017 4:51:04 PM,Med Annex1,Accepted Online,2020,Med Student 473
2/1/2017 4:55:14 PM,MED #8 KL,Accepted Online,2020,Med Student 500
2/1/2017 4:56:50 PM,Med Annex1,Accepted Online,2020,Med Student 566
2/1/2017 4:58:28 PM,Med #1 KL,Accepted Online,2020,Med Student 547
2/1/2017 4:59:08 PM,MED #5 KL,Accepted Online,2020,Med Student 547
2/1/2017 4:59:57 PM,Med Annex1,Accepted Online,2020,Med Student 547
2/1/2017 5:06:41 PM,MED #4 KL,Accepted Online,2020,Med Student 484
2/1/2017 5:10:47 PM,Med Annex1,Accepted Online,2020,Med Student 464
2/1/2017 5:16:37 PM,Med Annex2,Accepted Online,2019,Med Student 318
2/1/2017 5:21:51 PM,MED #7 KL,Accepted Online,2020,Med Student 493
2/1/2017 5:25:11 PM,Med Annex2,Accepted Online,2019,Med Student 409
2/1/2017 5:25:43 PM,MED #8 KL,Accepted Online,2019,Med Student 442
2/1/2017 5:28:24 PM,MED #4 KL,Accepted Online,2019,Med Student 386
2/1/2017 5:33:08 PM,Med #1 KL,Accepted Online,2020,Med Student 547
2/1/2017 5:33:18 PM,Med Annex1,Accepted Online,2020,Med Student 547
2/1/2017 5:36:12 PM,MED #9 KL,Accepted Online,2020,Med Student 551
2/1/2017 5:38:35 PM,MED #8 KL,Accepted Online,2020,Med Student 462
2/1/2017 5:41:05 PM,Med Annex1,Accepted Online,2020,Med Student 483
2/1/2017 5:47:40 PM,Med #2 KL,Accepted Online,2020,Med Student 553
2/1/2017 5:47:47 PM,MED #8 KL,Accepted Online,2020,Med Student 527
2/1/2017 5:48:28 PM,MED #8 KL,Accepted Online,2020,Med Student 478
2/1/2017 5:51:34 PM,MED #8 KL,Accepted Online,2020,Med Student 484
2/1/2017 5:57:58 PM,MED #4 KL,Accepted Online,2019,Med Student 386
2/1/2017 6:04:51 PM,MED #8 KL,Accepted Online,2020,Med Student 502
2/1/2017 6:05:32 PM,MED #5 KL,Accepted Online,2020,Med Student 483
2/1/2017 6:10:44 PM,Med Annex1,Accepted Online,2020,Med Student 493
2/1/2017 6:12:21 PM,Med Annex1,Accepted Online,2020,Med Student 564
2/1/2017 6:13:35 PM,MED #9 KL,Accepted Online,2020,Med Student 564
2/1/2017 6:14:34 PM,MED #8 KL,Accepted Online,2020,Med Student 496
2/1/2017 6:14:44 PM,Med Annex1,Accepted Online,2020,Med Student 564
2/1/2017 6:15:32 PM,MED #4 KL,Accepted Online,2019,Med Student 386
2/1/2017 6:16:18 PM,MED #8 KL,Accepted Online,2020,Med Student 462
2/1/2017 6:18:32 PM,MED #8 KL,Accepted Online,2020,Med Student 476
2/1/2017 6:20:04 PM,Med Annex2,Accepted Online,2019,Med Student 404
2/1/2017 6:23:01 PM,Med #1 KL,Accepted Online,2020,Med Student 547
2/1/2017 6:23:09 PM,MED #3 KL,Accepted Online,2020,Med Student 547
2/1/2017 6:23:58 PM,MED #8 KL,Accepted Online,2020,Med Student 478
2/1/2017 6:36:32 PM,Med Annex2,Accepted Online,2019,Med Student 374
2/1/2017 6:38:28 PM,MED #9 KL,Accepted Online,2020,Med Student 551
2/1/2017 6:43:20 PM,Med Annex1,Accepted Online,2020,Med Student 483
2/1/2017 6:45:36 PM,Med Annex1,Accepted Online,2020,Med Student 483
2/1/2017 6:46:33 PM,Med Annex1,Accepted Online,2020,Med Student 473
2/1/2017 6:52:33 PM,MED #8 KL,Accepted Online,2020,Med Student 553
2/1/2017 6:53:42 PM,Med Annex1,Accepted Online,2020,Med Student 464
2/1/2017 6:58:01 PM,MED #9 KL,Accepted Online,2020,Med Student 551
2/1/2017 7:11:24 PM,MED #8 KL,Accepted Online,2020,Med Student 553
2/1/2017 7:11:43 PM,Med Annex2,Accepted Online,2019,Med Student 409
2/1/2017 7:12:02 PM,Med Annex2,Accepted Online,2019,Med Student 409
2/1/2017 7:13:40 PM,MED #8 KL,Accepted Online,2020,Med Student 527
2/1/2017 7:13:47 PM,Med Annex2,Accepted Online,2020,Med Student 478
2/1/2017 7:18:32 PM,MED #8 KL,Accepted Online,2020,Med Student 493
2/1/2017 7:27:06 PM,Med Annex2,Accepted Online,2019,Med Student 321
2/1/2017 7:30:01 PM,MED #8 KL,Accepted Online,2020,Med Student 496
2/1/2017 7:35:05 PM,Med Annex2,Accepted Online,2020,Med Student 561
2/1/2017 7:39:19 PM,MED #8 KL,Accepted Online,2020,Med Student 561
2/1/2017 7:42:25 PM,Med Annex1,Accepted Online,2020,Med Student 464
2/1/2017 7:43:14 PM,MED #4 KL,Accepted Online,2019,Med Student 386
2/1/2017 8:01:05 PM,Med Annex1,Accepted Online,2020,Med Student 547
2/1/2017 8:05:06 PM,MED #8 KL,Accepted Online,2020,Med Student 462
2/1/2017 8:08:11 PM,MED #8 KL,Accepted Online,2019,Med Student 374
2/1/2017 8:09:22 PM,Med Annex1,Accepted Online,2020,Med Student 464
2/1/2017 8:18:39 PM,Med Annex1,Accepted Online,2020,Med Student 551
2/1/2017 8:20:23 PM,MED #9 KL,Accepted Online,2020,Med Student 551
2/1/2017 8:21:49 PM,MED #8 KL,Accepted Online,2020,Med Student 484
2/1/2017 8:28:54 PM,MED #8 KL,Accepted Online,2020,Med Student 496
2/1/2017 8:28:54 PM,Med Annex2,Accepted Online,2020,Med Student 527
2/1/2017 8:29:15 PM,Med Annex1,Accepted Online,2020,Med Student 564
2/1/2017 8:31:09 PM,MED #8 KL,Accepted Online,2020,Med Student 500
2/1/2017 8:31:17 PM,MED #8 KL,Accepted Online,2020,Med Student 553
2/1/2017 8:32:11 PM,Med Annex2,Accepted Online,2020,Med Student 478
2/1/2017 8:32:49 PM,MED #8 KL,Accepted Online,2020,Med Student 472
2/1/2017 8:46:47 PM,MED #6 KL,Accepted Online,2020,Med Student 464
2/1/2017 8:47:02 PM,MED #8 KL,Accepted Online,2020,Med Student 561
2/1/2017 8:55:00 PM,MED #8 KL,Accepted Online,2020,Med Student 563
2/1/2017 9:01:24 PM,MED #7 KL,Accepted Online,2020,Med Student 502
2/1/2017 9:10:42 PM,MED #8 KL,Accepted Online,2020,Med Student 462
2/1/2017 9:13:23 PM,Med Annex1,Accepted Online,2020,Med Student 464
2/1/2017 9:19:44 PM,MED #8 KL,Accepted Online,2020,Med Student 496
2/1/2017 9:20:09 PM,MED #9 KL,Accepted Online,2020,Med Student 484
2/1/2017 9:23:49 PM,MED #8 KL,Accepted Online,2020,Med Student 502
2/1/2017 9:26:32 PM,MED #8 KL,Accepted Online,2020,Med Student 561
2/1/2017 9:26:53 PM,Med Annex2,Accepted Online,2019,Med Student 374
2/1/2017 9:32:02 PM,MED #6 KL,Accepted Online,2020,Med Student 472
2/1/2017 9:35:46 PM,Med Annex2,Accepted Online,2020,Med Student 527
2/1/2017 9:50:11 PM,MED #9 KL,Accepted Online,2020,Med Student 472
2/1/2017 9:54:59 PM,Med Annex1,Accepted Online,2020,Med Student 472
2/1/2017 9:55:44 PM,Med Annex2,Accepted Online,2020,Med Student 450
2/1/2017 10:03:09 PM,Med Annex2,Accepted Online,2020,Med Student 478
2/1/2017 10:07:31 PM,MED #6 KL,Accepted Online,2020,Med Student 498
2/1/2017 10:36:44 PM,Med Annex2,Accepted Online,2020,Med Student 478
2/1/2017 10:41:09 PM,Med Annex2,Accepted Online,2020,Med Student 472
2/1/2017 11:29:57 PM,Med Annex2,Accepted Online,2020,Med Student 478
2/2/2017 7:20:51 AM,Med Annex2,Accepted Online,{null},Staff
2/2/2017 7:25:39 AM,MED #8 KL,Accepted Online,2019,Med Student 426
2/2/2017 7:44:53 AM,MED #8 KL,Accepted Online,2019,Med Student 364
2/2/2017 7:58:33 AM,Med Annex2,Accepted Online,2019,Med Student 340
2/2/2017 8:05:12 AM,MED #8 KL,Accepted Online,2019,Med Student 369
2/2/2017 8:21:21 AM,MED #8 KL,Accepted Online,2019,Med Student 364
2/2/2017 8:29:05 AM,MED #8 KL,Accepted Online,2019,Med Student 430
2/2/2017 8:32:29 AM,Med Annex2,Accepted Online,2019,Med Student 392
2/2/2017 8:33:57 AM,MED #8 KL,Accepted Online,2019,Med Student 426
2/2/2017 8:38:31 AM,MED #8 KL,Accepted Online,2019,Med Student 430
2/2/2017 8:48:33 AM,MED #8 KL,Accepted Online,2019,Med Student 331
2/2/2017 8:52:23 AM,MED #4 KL,Accepted Online,2019,Med Student 386
2/2/2017 9:10:46 AM,MED #8 KL,Accepted Online,2020,Med Student 553
2/2/2017 9:12:48 AM,Med #2 KL,Accepted Online,2019,Med Student 439
2/2/2017 9:16:41 AM,Med #2 KL,Accepted Online,2019,Med Student 439
2/2/2017 9:16:46 AM,MED #8 KL,Accepted Online,2019,Med Student 399
2/2/2017 9:24:35 AM,MED #8 KL,Accepted Online,2019,Med Student 369
2/2/2017 9:33:46 AM,MED #8 KL,Accepted Online,2019,Med Student 399
2/2/2017 9:39:04 AM,MED #8 KL,Accepted Online,2019,Med Student 391
2/2/2017 9:41:18 AM,MED #8 KL,Accepted Online,2019,Med Student 369
2/2/2017 9:51:15 AM,MED #8 KL,Accepted Online,2019,Med Student 330
2/2/2017 9:54:26 AM,MED #8 KL,Accepted Online,2019,Med Student 432
2/2/2017 9:55:52 AM,MED #8 KL,Accepted Online,2019,Med Student 399
2/2/2017 10:18:19 AM,MED #4 KL,Accepted Online,2019,Med Student 426
2/2/2017 10:30:51 AM,MED #4 KL,Accepted Online,{null},Staff
2/2/2017 10:38:44 AM,MED #8 KL,Accepted Online,2019,Med Student 391
2/2/2017 10:40:39 AM,MED #4 KL,Accepted Online,2019,Med Student 386
2/2/2017 10:49:08 AM,MED #8 KL,Accepted Online,2019,Med Student 430
2/2/2017 11:00:27 AM,MED #6 KL,Accepted Online,2019,Med Student 337
2/2/2017 11:02:48 AM,Med Annex2,Accepted Online,2019,Med Student 330
2/2/2017 11:03:30 AM,MED #4 KL,Accepted Online,2019,Med Student 321
2/2/2017 11:04:39 AM,MED #9 KL,Accepted Online,2019,Med Student 369
2/2/2017 11:05:06 AM,MED #8 KL,Accepted Online,2019,Med Student 369
2/2/2017 11:05:55 AM,MED #4 KL,Accepted Online,2019,Med Student 426
2/2/2017 11:06:53 AM,MED #9 KL,Accepted Online,2019,Med Student 369
2/2/2017 11:07:28 AM,MED #6 KL,Accepted Online,2019,Med Student 337
2/2/2017 11:13:46 AM,Med Annex2,Accepted Online,2019,Med Student 366
2/2/2017 11:19:19 AM,MED #8 KL,Accepted Online,2020,Med Student 476
2/2/2017 11:21:20 AM,MED #9 KL,Accepted Online,2019,Med Student 369
2/2/2017 11:21:31 AM,Med #2 KL,Accepted Online,2019,Med Student 369
2/2/2017 11:22:23 AM,MED #8 KL,Accepted Online,2020,Med Student 476
2/2/2017 11:23:20 AM,MED #9 KL,Accepted Online,2019,Med Student 369
2/2/2017 11:26:37 AM,Med #1 KL,Accepted Online,2020,Med Student 488
2/2/2017 11:34:03 AM,MED #8 KL,Accepted Online,2020,Med Student 567
2/2/2017 11:40:19 AM,MED #8 KL,Accepted Online,2019,Med Student 426
2/2/2017 11:40:26 AM,Med Annex2,Accepted Online,2019,Med Student 394
2/2/2017 11:44:39 AM,MED #4 KL,Accepted Online,2019,Med Student 426
2/2/2017 11:46:03 AM,MED #4 KL,Accepted Online,2019,Med Student 372
2/2/2017 11:46:54 AM,Med Annex1,Accepted Online,2019,Med Student 439
2/2/2017 11:47:15 AM,MED #8 KL,Accepted Online,2020,Med Student 553
2/2/2017 11:48:19 AM,MED #8 KL,Accepted Online,2019,Med Student 409
2/2/2017 11:53:33 AM,Med #2 KL,Accepted Online,2019,Med Student 439
2/2/2017 11:54:01 AM,MED #9 KL,Accepted Online,2019,Med Student 369
2/2/2017 11:57:50 AM,Med Annex1,Accepted Online,2019,Med Student 409
2/2/2017 12:01:05 PM,MED #9 KL,Accepted Online,2019,Med Student 394
2/2/2017 12:01:52 PM,MED #8 KL,Accepted Online,2020,Med Student 561
2/2/2017 12:02:29 PM,MED #8 KL,Accepted Online,2019,Med Student 372
2/2/2017 12:03:15 PM,Med Annex2,Accepted Online,2020,Med Student 483
2/2/2017 12:09:35 PM,Med Annex2,Accepted Online,2020,Med Student 478
2/2/2017 12:09:51 PM,MED #8 KL,Accepted Online,2019,Med Student 391
2/2/2017 12:10:40 PM,Med #1 KL,Accepted Online,2020,Med Student 488
2/2/2017 12:13:22 PM,Med Annex1,Accepted Online,2020,Med Student 484
2/2/2017 12:13:27 PM,Med Annex2,Accepted Online,2020,Med Student 453
2/2/2017 12:14:20 PM,MED #8 KL,Accepted Online,2019,Med Student 394
2/2/2017 12:17:28 PM,Med Annex2,Accepted Online,{null},Staff
2/2/2017 12:21:43 PM,Med Annex2,Accepted Online,{null},Staff
2/2/2017 12:22:29 PM,Med Annex2,Accepted Online,2020,Med Student 508
2/2/2017 12:22:59 PM,MED #7 KL,Accepted Online,2020,Med Student 553
2/2/2017 12:23:25 PM,Med Annex1,Accepted Online,2020,Med Student 488
2/2/2017 12:23:49 PM,MED #8 KL,Accepted Online,2020,Med Student 553
2/2/2017 12:24:11 PM,Med #1 KL,Accepted Online,2020,Med Student 488
2/2/2017 12:26:55 PM,MED #8 KL,Accepted Online,2020,Med Student 486
2/2/2017 12:27:29 PM,Med Annex2,Accepted Online,2020,Med Student 529
2/2/2017 12:27:32 PM,MED #8 KL,Accepted Online,2020,Med Student 567
2/2/2017 12:28:36 PM,MED #5 KL,Accepted Online,2020,Med Student 501
2/2/2017 12:30:42 PM,MED #4 KL,Accepted Online,2019,Med Student 372
2/2/2017 12:34:46 PM,Med Annex1,Accepted Online,2019,Med Student 330
2/2/2017 12:36:09 PM,MED #8 KL,Accepted Online,2019,Med Student 409
2/2/2017 12:41:20 PM,MED #8 KL,Accepted Online,2020,Med Student 476
2/2/2017 12:42:35 PM,Med #2 KL,Accepted Online,2019,Med Student 394
2/2/2017 12:43:10 PM,MED #4 KL,Accepted Online,2019,Med Student 426
2/2/2017 12:44:31 PM,MED #8 KL,Accepted Online,2020,Med Student 561
2/2/2017 12:48:28 PM,MED #8 KL,Accepted Online,2019,Med Student 394
2/2/2017 12:54:27 PM,MED #4 KL,Accepted Online,2019,Med Student 372
2/2/2017 12:56:08 PM,Med Annex1,Accepted Online,2020,Med Student 500
2/2/2017 12:56:26 PM,Med Annex2,Accepted Online,2020,Med Student 469
2/2/2017 1:00:02 PM,MED #8 KL,Accepted Online,2020,Med Student 510
2/2/2017 1:00:16 PM,MED #4 KL,Accepted Online,2019,Med Student 394
2/2/2017 1:01:56 PM,MED #4 KL,Accepted Online,2019,Med Student 394
2/2/2017 1:08:11 PM,MED #8 KL,Accepted Online,2020,Med Student 510
2/2/2017 1:10:19 PM,MED #8 KL,Accepted Online,2020,Med Student 567
2/2/2017 1:17:11 PM,MED #8 KL,Accepted Online,2019,Med Student 409
2/2/2017 1:19:49 PM,MED #8 KL,Accepted Online,2019,Med Student 426
2/2/2017 1:20:44 PM,Med #2 KL,Accepted Online,2019,Med Student 439
2/2/2017 1:21:05 PM,MED #8 KL,Accepted Online,2019,Med Student 430
2/2/2017 1:30:18 PM,MED #8 KL,Accepted Online,2020,Med Student 486
2/2/2017 1:34:14 PM,Med Annex1,Accepted Online,2020,Med Student 472
2/2/2017 1:36:18 PM,MED #8 KL,Accepted Online,2020,Med Student 561
2/2/2017 1:50:12 PM,MED #8 KL,Accepted Online,2020,Med Student 553
2/2/2017 1:55:38 PM,Med #1 KL,Accepted Online,2020,Med Student 488
2/2/2017 1:55:58 PM,MED #8 KL,Accepted Online,2019,Med Student 432
2/2/2017 1:57:37 PM,MED #8 KL,Accepted Online,2019,Med Student 391
2/2/2017 2:03:56 PM,Med Annex1,Accepted Online,2019,Med Student 439
2/2/2017 2:04:07 PM,Med Annex2,Accepted Online,2020,Med Student 453
2/2/2017 2:07:28 PM,Med Annex1,Accepted Online,2020,Med Student 453
2/2/2017 2:08:08 PM,Med #2 KL,Accepted Online,2019,Med Student 439
2/2/2017 2:10:52 PM,MED #8 KL,Accepted Online,2019,Med Student 409
2/2/2017 2:12:12 PM,Med Annex2,Accepted Online,2020,Med Student 529
2/2/2017 2:27:08 PM,MED #4 KL,Accepted Online,2019,Med Student 394
2/2/2017 2:29:27 PM,MED #4 KL,Accepted Online,2019,Med Student 386
2/2/2017 2:31:47 PM,MED #4 KL,Accepted Online,2019,Med Student 386
2/2/2017 2:37:46 PM,Med Annex2,Accepted Online,2020,Med Student 508
2/2/2017 2:39:16 PM,Med Annex1,Accepted Online,2020,Med Student 508
2/2/2017 2:43:22 PM,Med Annex1,Accepted Online,2020,Med Student 483
2/2/2017 2:53:15 PM,Med Annex2,Accepted Online,2019,Med Student 399
2/2/2017 2:58:04 PM,MED #8 KL,Accepted Online,2017,Med Student 139
2/2/2017 3:02:41 PM,Med Annex2,Accepted Online,2017,Med Student 139
2/2/2017 3:06:26 PM,Med Annex2,Accepted Online,{null},Faculty
2/2/2017 3:08:13 PM,MED #8 KL,Accepted Online,2019,Med Student 399
2/2/2017 3:11:01 PM,MED #8 KL,Accepted Online,2020,Med Student 534
2/2/2017 3:12:06 PM,Med Annex1,Accepted Online,2020,Med Student 551
2/2/2017 3:13:22 PM,MED #8 KL,Accepted Online,2020,Med Student 534
2/2/2017 3:20:21 PM,MED #8 KL,Accepted Online,2020,Med Student 510
2/2/2017 3:21:59 PM,Med Annex1,Accepted Online,2020,Med Student 484
2/2/2017 3:23:02 PM,Med Annex2,Accepted Online,2020,Med Student 453
2/2/2017 3:23:43 PM,MED #8 KL,Accepted Online,2019,Med Student 430
2/2/2017 3:28:45 PM,MED #4 KL,Accepted Online,2019,Med Student 426
2/2/2017 3:39:21 PM,Med #2 KL,Accepted Online,2019,Med Student 439
2/2/2017 3:41:34 PM,MED #8 KL,Accepted Online,2020,Med Student 476
2/2/2017 3:42:46 PM,Med Annex1,Accepted Online,2019,Med Student 330
2/2/2017 3:43:15 PM,Med Annex2,Accepted Online,2020,Med Student 565
2/2/2017 3:48:18 PM,MED #4 KL,Accepted Online,{null},Staff
2/2/2017 3:52:43 PM,MED #4 KL,Accepted Online,2019,Med Student 386
2/2/2017 3:53:32 PM,MED #8 KL,Accepted Online,2019,Med Student 331
2/2/2017 3:55:01 PM,MED #3 KL,Accepted Online,2019,Med Student 379
2/2/2017 3:55:12 PM,MED #8 KL,Accepted Online,2019,Med Student 394
2/2/2017 3:57:00 PM,Med Annex2,Accepted Online,2020,Med Student 483
2/2/2017 3:57:40 PM,Med Annex1,Accepted Online,2019,Med Student 331
2/2/2017 3:59:50 PM,Med Annex2,Accepted Online,2020,Med Student 453
2/2/2017 4:00:25 PM,MED #3 KL,Accepted Online,2019,Med Student 379
2/2/2017 4:01:07 PM,MED #9 KL,Accepted Online,2020,Med Student 453
2/2/2017 4:06:16 PM,Med Annex1,Accepted Online,2020,Med Student 551
2/2/2017 4:10:06 PM,MED #4 KL,Accepted Online,2019,Med Student 399
2/2/2017 4:11:14 PM,MED #3 KL,Accepted Online,2019,Med Student 379
2/2/2017 4:11:42 PM,Med #2 KL,Accepted Online,2019,Med Student 379
2/2/2017 4:12:17 PM,Med #2 KL,Accepted Online,2019,Med Student 409
2/2/2017 4:13:09 PM,MED #4 KL,Accepted Online,2019,Med Student 372
2/2/2017 4:16:15 PM,MED #4 KL,Accepted Online,2019,Med Student 372
2/2/2017 4:18:37 PM,MED #3 KL,Accepted Online,2019,Med Student 379
2/2/2017 4:20:26 PM,MED #8 KL,Accepted Online,2019,Med Student 365
2/2/2017 4:20:51 PM,MED #8 KL,Accepted Online,2019,Med Student 430
2/2/2017 4:22:23 PM,MED #8 KL,Accepted Online,2019,Med Student 432
2/2/2017 4:23:13 PM,Med Annex1,Accepted Online,2020,Med Student 453
2/2/2017 4:23:17 PM,MED #8 KL,Accepted Online,2020,Med Student 561
2/2/2017 4:23:48 PM,MED #9 KL,Accepted Online,2020,Med Student 453
2/2/2017 4:24:19 PM,MED #8 KL,Accepted Online,2020,Med Student 484
2/2/2017 4:26:40 PM,MED #3 KL,Accepted Online,2019,Med Student 439
2/2/2017 4:26:43 PM,MED #8 KL,Accepted Online,2020,Med Student 561
2/2/2017 4:26:55 PM,Med #2 KL,Accepted Online,2019,Med Student 439
2/2/2017 4:28:53 PM,Med Annex2,Accepted Online,2019,Med Student 337
2/2/2017 4:34:50 PM,MED #8 KL,Accepted Online,2019,Med Student 350
2/2/2017 4:35:05 PM,Med Annex2,Accepted Online,2017,Med Student 139
2/2/2017 4:35:46 PM,MED #6 KL,Accepted Online,2019,Med Student 337
2/2/2017 4:39:48 PM,MED #8 KL,Accepted Online,2019,Med Student 350
2/2/2017 4:43:01 PM,MED #4 KL,Accepted Online,2019,Med Student 372
2/2/2017 4:43:05 PM,MED #8 KL,Accepted Online,2019,Med Student 364
2/2/2017 4:49:41 PM,MED #5 KL,Accepted Online,2020,Med Student 515
2/2/2017 4:52:59 PM,MED #8 KL,Accepted Online,2020,Med Student 534
2/2/2017 4:55:26 PM,MED #8 KL,Accepted Online,2020,Med Student 484
2/2/2017 4:59:33 PM,Med Annex1,Accepted Online,2020,Med Student 453
2/2/2017 5:00:10 PM,MED #9 KL,Accepted Online,2020,Med Student 453
2/2/2017 5:01:08 PM,MED #8 KL,Accepted Online,2019,Med Student 391
2/2/2017 5:03:53 PM,MED #8 KL,Accepted Online,2020,Med Student 534
2/2/2017 5:05:17 PM,Med Annex2,Accepted Online,2020,Med Student 529
2/2/2017 5:07:31 PM,Med Annex2,Accepted Online,2019,Med Student 352
2/2/2017 5:08:12 PM,Med #2 KL,Accepted Online,2019,Med Student 352
2/2/2017 5:09:01 PM,MED #8 KL,Accepted Online,2019,Med Student 430
2/2/2017 5:10:48 PM,Med Annex2,Accepted Online,2019,Med Student 330
2/2/2017 5:12:19 PM,Med Annex2,Accepted Online,2020,Med Student 472
2/2/2017 5:12:22 PM,MED #8 KL,Accepted Online,2020,Med Student 493
2/2/2017 5:14:58 PM,MED #3 KL,Accepted Online,2019,Med Student 439
2/2/2017 5:16:09 PM,Med Annex1,Accepted Online,2020,Med Student 500
2/2/2017 5:16:12 PM,Med Annex2,Accepted Online,2019,Med Student 439
2/2/2017 5:16:26 PM,Med Annex1,Accepted Online,2019,Med Student 330
2/2/2017 5:16:51 PM,MED #4 KL,Accepted Online,2019,Med Student 426
2/2/2017 5:17:06 PM,Med Annex2,Accepted Online,2017,Med Student 139
2/2/2017 5:24:52 PM,Med Annex1,Accepted Online,2020,Med Student 483
2/2/2017 5:25:02 PM,MED #8 KL,Accepted Online,2020,Med Student 493
2/2/2017 5:25:21 PM,Med Annex2,Accepted Online,2017,Med Student 139
2/2/2017 5:28:02 PM,MED #4 KL,Accepted Online,2019,Med Student 386
2/2/2017 5:32:45 PM,Med Annex1,Accepted Online,2020,Med Student 453
2/2/2017 5:33:37 PM,MED #8 KL,Accepted Online,2019,Med Student 365
2/2/2017 5:34:20 PM,Med #2 KL,Accepted Online,2019,Med Student 379
2/2/2017 5:34:36 PM,MED #9 KL,Accepted Online,2020,Med Student 453
2/2/2017 5:35:22 PM,MED #3 KL,Accepted Online,2019,Med Student 379
2/2/2017 5:40:23 PM,MED #3 KL,Accepted Online,2019,Med Student 439
2/2/2017 5:44:45 PM,Med #1 KL,Accepted Online,2020,Med Student 553
2/2/2017 5:48:51 PM,Med Annex1,Accepted Online,2020,Med Student 508
2/2/2017 5:49:00 PM,Med #1 KL,Accepted Online,2020,Med Student 553
2/2/2017 5:49:42 PM,Med Annex1,Accepted Online,2020,Med Student 483
2/2/2017 5:49:51 PM,MED #4 KL,Accepted Online,2019,Med Student 372
2/2/2017 5:55:31 PM,MED #8 KL,Accepted Online,2020,Med Student 565
2/2/2017 6:03:37 PM,MED #7 KL,Accepted Online,2020,Med Student 536
2/2/2017 6:04:47 PM,Med Annex2,Accepted Online,2020,Med Student 529
2/2/2017 6:12:21 PM,Med Annex1,Accepted Online,2020,Med Student 500
2/2/2017 6:20:44 PM,MED #8 KL,Accepted Online,2020,Med Student 484
2/2/2017 6:28:11 PM,Med #1 KL,Accepted Online,2020,Med Student 553
2/2/2017 6:29:38 PM,MED #9 KL,Accepted Online,2020,Med Student 529
2/2/2017 6:33:34 PM,Med Annex1,Accepted Online,2020,Med Student 529
2/2/2017 6:35:40 PM,MED #8 KL,Accepted Online,2019,Med Student 331
2/2/2017 6:48:26 PM,MED #8 KL,Accepted Online,2020,Med Student 476
2/2/2017 6:52:43 PM,Med Annex2,Accepted Online,2017,Med Student 139
2/2/2017 6:57:11 PM,Med Annex1,Accepted Online,2020,Med Student 551
2/2/2017 6:59:54 PM,Med Annex1,Accepted Online,2020,Med Student 551
2/2/2017 7:00:36 PM,Med Annex1,Accepted Online,2020,Med Student 464
2/2/2017 7:21:03 PM,Med Annex2,Accepted Online,2020,Med Student 453
2/2/2017 7:24:46 PM,Med Annex1,Accepted Online,2020,Med Student 508
2/2/2017 7:25:22 PM,MED #4 KL,Accepted Online,2019,Med Student 372
2/2/2017 7:26:54 PM,MED #8 KL,Accepted Online,2019,Med Student 430
2/2/2017 7:28:22 PM,MED #8 KL,Accepted Online,2020,Med Student 496
2/2/2017 7:30:06 PM,MED #8 KL,Accepted Online,2019,Med Student 364
2/2/2017 7:31:24 PM,MED #8 KL,Accepted Online,2019,Med Student 430
2/2/2017 7:31:26 PM,MED #4 KL,Accepted Online,2019,Med Student 372
2/2/2017 7:32:21 PM,MED #3 KL,Accepted Online,2020,Med Student 502
2/2/2017 7:32:24 PM,MED #8 KL,Accepted Online,2020,Med Student 553
2/2/2017 7:32:38 PM,MED #8 KL,Accepted Online,2020,Med Student 493
2/2/2017 7:35:29 PM,MED #8 KL,Accepted Online,2020,Med Student 496
2/2/2017 7:38:09 PM,MED #8 KL,Accepted Online,2019,Med Student 399
2/2/2017 7:39:04 PM,MED #8 KL,Accepted Online,2020,Med Student 496
2/2/2017 7:43:46 PM,Med Annex2,Accepted Online,2020,Med Student 488
2/2/2017 7:55:52 PM,MED #7 KL,Accepted Online,2020,Med Student 471
2/2/2017 7:57:56 PM,Med Annex2,Accepted Online,2019,Med Student 321
2/2/2017 7:59:00 PM,MED #7 KL,Accepted Online,2020,Med Student 471
2/2/2017 8:01:50 PM,Med Annex1,Accepted Online,2019,Med Student 379
2/2/2017 8:02:52 PM,MED #3 KL,Accepted Online,2019,Med Student 379
2/2/2017 8:07:32 PM,MED #8 KL,Accepted Online,2020,Med Student 527
2/2/2017 8:11:00 PM,Med Annex2,Accepted Online,2020,Med Student 500
2/2/2017 8:13:04 PM,Med Annex2,Accepted Online,2020,Med Student 488
2/2/2017 8:13:47 PM,MED #7 KL,Accepted Online,2020,Med Student 471
2/2/2017 8:14:31 PM,MED #8 KL,Accepted Online,2019,Med Student 430
2/2/2017 8:14:48 PM,MED #7 KL,Accepted Online,2020,Med Student 471
2/2/2017 8:17:14 PM,Med Annex1,Accepted Online,2020,Med Student 478
2/2/2017 8:19:23 PM,MED #7 KL,Accepted Online,2020,Med Student 471
2/2/2017 8:24:02 PM,MED #8 KL,Accepted Online,2019,Med Student 331
2/2/2017 8:26:05 PM,MED #8 KL,Accepted Online,2019,Med Student 331
2/2/2017 8:27:28 PM,Med Annex2,Accepted Online,2019,Med Student 426
2/2/2017 8:33:37 PM,MED #9 KL,Accepted Online,2019,Med Student 330
2/2/2017 8:35:07 PM,MED #7 KL,Accepted Online,2020,Med Student 471
2/2/2017 8:38:27 PM,Med #1 KL,Accepted Online,2019,Med Student 416
2/2/2017 8:38:33 PM,MED #8 KL,Accepted Online,2020,Med Student 496
2/2/2017 8:38:57 PM,MED #7 KL,Accepted Online,2020,Med Student 471
2/2/2017 8:40:13 PM,Med #1 KL,Accepted Online,2019,Med Student 416
2/2/2017 8:41:03 PM,MED #3 KL,Accepted Online,2019,Med Student 379
2/2/2017 8:41:11 PM,MED #8 KL,Accepted Online,2019,Med Student 331
2/2/2017 8:42:51 PM,Med Annex1,Accepted Online,2019,Med Student 330
2/2/2017 8:43:36 PM,Med Annex2,Accepted Online,2019,Med Student 372
2/2/2017 8:44:01 PM,MED #8 KL,Accepted Online,2019,Med Student 426
2/2/2017 8:44:40 PM,Med Annex1,Accepted Online,2020,Med Student 464
2/2/2017 8:48:47 PM,MED #8 KL,Accepted Online,2020,Med Student 496
2/2/2017 8:50:47 PM,Med #1 KL,Accepted Online,2020,Med Student 502
2/2/2017 8:55:08 PM,Med #1 KL,Accepted Online,2019,Med Student 379
2/2/2017 8:55:17 PM,MED #8 KL,Accepted Online,2020,Med Student 502
2/2/2017 8:56:08 PM,Med Annex2,Accepted Online,2020,Med Student 529
2/2/2017 8:56:31 PM,MED #7 KL,Accepted Online,2020,Med Student 471
2/2/2017 8:56:59 PM,MED #3 KL,Accepted Online,2019,Med Student 379
2/2/2017 8:57:21 PM,Med Annex2,Accepted Online,2020,Med Student 478
2/2/2017 8:57:29 PM,Med #1 KL,Accepted Online,2019,Med Student 416
2/2/2017 9:00:15 PM,MED #8 KL,Accepted Online,2020,Med Student 502
2/2/2017 9:03:28 PM,MED #8 KL,Accepted Online,2020,Med Student 496
2/2/2017 9:07:43 PM,Med Annex1,Accepted Online,2019,Med Student 399
2/2/2017 9:10:24 PM,Med Annex1,Accepted Online,2020,Med Student 500
2/2/2017 9:10:35 PM,MED #7 KL,Accepted Online,2020,Med Student 471
2/2/2017 9:24:36 PM,MED #7 KL,Accepted Online,2020,Med Student 471
2/2/2017 9:36:12 PM,MED #9 KL,Accepted Online,2020,Med Student 453
2/2/2017 9:36:24 PM,Med Annex1,Accepted Online,2020,Med Student 453
2/2/2017 9:41:04 PM,MED #6 KL,Accepted Online,2019,Med Student 337
2/2/2017 9:46:19 PM,MED #3 KL,Accepted Online,2019,Med Student 416
2/2/2017 9:46:37 PM,Med #1 KL,Accepted Online,2019,Med Student 416
2/2/2017 9:49:06 PM,MED #4 KL,Accepted Online,2019,Med Student 372
2/2/2017 9:54:19 PM,Med Annex2,Accepted Online,2019,Med Student 357
2/2/2017 9:56:19 PM,Med Annex1,Accepted Online,2020,Med Student 500
2/2/2017 10:07:02 PM,MED #3 KL,Accepted Online,2019,Med Student 416
2/2/2017 10:08:11 PM,Med #1 KL,Accepted Online,2019,Med Student 416
2/2/2017 10:17:45 PM,Med Annex2,Accepted Online,2020,Med Student 478
2/2/2017 10:34:26 PM,MED #8 KL,Accepted Online,2020,Med Student 496
2/2/2017 10:35:54 PM,Med Annex2,Accepted Online,2020,Med Student 527
2/2/2017 11:19:51 PM,Med Annex2,Accepted Online,2020,Med Student 527
2/2/2017 11:29:15 PM,Med #1 KL,Accepted Online,2019,Med Student 416
2/2/2017 11:32:51 PM,Med Annex1,Accepted Online,2020,Med Student 478
2/2/2017 11:54:33 PM,MED #8 KL,Accepted Online,2020,Med Student 496
2/2/2017 11:58:09 PM,MED #7 KL,Accepted Online,2020,Med Student 471
2/3/2017 12:04:02 AM,MED #8 KL,Accepted Online,2020,Med Student 502
2/3/2017 1:06:54 AM,Med Annex1,Accepted Online,2019,Med Student 416
2/3/2017 1:10:01 AM,Med #1 KL,Accepted Online,2019,Med Student 416
2/3/2017 2:32:19 AM,Med #1 KL,Accepted Online,2019,Med Student 416
2/3/2017 7:59:58 AM,Med Annex2,Accepted Online,2019,Med Student 403
2/3/2017 8:02:41 AM,MED #8 KL,Accepted Online,2020,Med Student 473
2/3/2017 8:14:29 AM,MED #8 KL,Accepted Online,2019,Med Student 441
2/3/2017 8:20:03 AM,MED #8 KL,Accepted Online,2019,Med Student 441
2/3/2017 8:55:28 AM,MED #4 KL,Accepted Online,{null},Staff
2/3/2017 9:24:58 AM,MED #4 KL,Accepted Online,{null},Staff
2/3/2017 9:26:12 AM,Med Annex2,Accepted Online,{null},Staff
2/3/2017 9:29:06 AM,MED #4 KL,Accepted Online,2019,Med Student 386
2/3/2017 9:42:23 AM,MED #8 KL,Accepted Online,2020,Med Student 473
2/3/2017 9:52:25 AM,MED #8 KL,Accepted Online,2019,Med Student 441
2/3/2017 9:54:08 AM,MED #8 KL,Accepted Online,2019,Med Student 409
2/3/2017 9:56:48 AM,MED #4 KL,Accepted Online,2019,Med Student 386
2/3/2017 10:03:06 AM,MED #8 KL,Accepted Online,2019,Med Student 399
2/3/2017 10:04:01 AM,MED #8 KL,Accepted Online,2020,Med Student 480
2/3/2017 10:09:11 AM,MED #8 KL,Accepted Online,2020,Med Student 486
2/3/2017 10:26:39 AM,Med Annex2,Accepted Online,2019,Med Student 343
2/3/2017 10:36:53 AM,MED #8 KL,Accepted Online,2019,Med Student 399
2/3/2017 10:41:28 AM,MED #8 KL,Accepted Online,2019,Med Student 441
2/3/2017 10:42:27 AM,MED #8 KL,Accepted Online,2020,Med Student 484
2/3/2017 11:14:25 AM,Med Annex2,Accepted Online,2020,Med Student 564
2/3/2017 11:16:57 AM,Med Annex1,Accepted Online,2020,Med Student 564
2/3/2017 11:17:15 AM,MED #4 KL,Accepted Online,2020,Med Student 486
2/3/2017 11:18:21 AM,MED #7 KL,Accepted Online,2019,Med Student 343
2/3/2017 11:19:11 AM,MED #8 KL,Accepted Online,2020,Med Student 567
2/3/2017 11:20:25 AM,Med Annex2,Accepted Online,2019,Med Student 343
2/3/2017 11:25:12 AM,Med Annex2,Accepted Online,2020,Med Student 551
2/3/2017 11:27:29 AM,Med Annex1,Accepted Online,2020,Med Student 551
2/3/2017 11:28:07 AM,MED #8 KL,Accepted Online,2020,Med Student 473
2/3/2017 11:30:23 AM,MED #7 KL,Accepted Online,2020,Med Student 542
2/3/2017 11:39:01 AM,MED #8 KL,Accepted Online,2019,Med Student 372
2/3/2017 11:39:46 AM,Med Annex2,Accepted Online,{null},Staff
2/3/2017 11:42:11 AM,Med Annex2,Accepted Online,2019,Med Student 332
2/3/2017 11:47:14 AM,Med Annex2,Accepted Online,2019,Med Student 404
2/3/2017 11:52:35 AM,MED #7 KL,Accepted Online,2020,Med Student 542
2/3/2017 11:53:25 AM,MED #8 KL,Accepted Online,2019,Med Student 409
2/3/2017 11:54:46 AM,MED #4 KL,Accepted Online,2019,Med Student 372
2/3/2017 11:55:29 AM,Med Annex1,Accepted Online,2019,Med Student 404
2/3/2017 11:59:14 AM,Med Annex2,Accepted Online,2020,Med Student 464
2/3/2017 11:59:36 AM,Med Annex2,Accepted Online,2020,Med Student 528
2/3/2017 11:59:45 AM,MED #8 KL,Accepted Online,2020,Med Student 489
2/3/2017 12:01:48 PM,MED #8 KL,Accepted Online,2019,Med Student 372
2/3/2017 12:17:22 PM,MED #8 KL,Accepted Online,2020,Med Student 473
2/3/2017 12:18:21 PM,Med Annex2,Accepted Online,2017,Med Student 139
2/3/2017 12:23:17 PM,Med Annex1,Accepted Online,2020,Med Student 464
2/3/2017 12:28:14 PM,MED #8 KL,Accepted Online,2019,Med Student 399
2/3/2017 12:31:55 PM,MED #8 KL,Accepted Online,2019,Med Student 331
2/3/2017 12:32:37 PM,MED #8 KL,Accepted Online,2020,Med Student 567
2/3/2017 12:34:46 PM,Med Annex2,Accepted Online,2019,Med Student 409
2/3/2017 12:45:34 PM,Med Annex2,Accepted Online,2019,Med Student 409
2/3/2017 12:48:52 PM,MED #8 KL,Accepted Online,2019,Med Student 399
2/3/2017 12:50:39 PM,MED #8 KL,Accepted Online,2020,Med Student 480
2/3/2017 12:53:33 PM,MED #8 KL,Accepted Online,2020,Med Student 484
2/3/2017 1:00:57 PM,MED #8 KL,Accepted Online,2019,Med Student 364
2/3/2017 1:02:07 PM,MED #4 KL,Accepted Online,2019,Med Student 386
2/3/2017 1:06:40 PM,MED #8 KL,Accepted Online,2019,Med Student 364
2/3/2017 1:10:55 PM,Med Annex1,Accepted Online,2019,Med Student 366
2/3/2017 1:11:32 PM,MED #8 KL,Accepted Online,2020,Med Student 502
2/3/2017 1:14:06 PM,MED #8 KL,Accepted Online,2020,Med Student 489
2/3/2017 1:15:19 PM,Med Annex1,Accepted Online,2020,Med Student 464
2/3/2017 1:15:56 PM,Med Annex2,Accepted Online,2019,Med Student 404
2/3/2017 1:22:22 PM,Med Annex1,Accepted Online,2019,Med Student 404
2/3/2017 1:24:05 PM,MED #8 KL,Accepted Online,2019,Med Student 441
2/3/2017 1:26:02 PM,MED #6 KL,Accepted Online,2019,Med Student 369
2/3/2017 1:29:31 PM,MED #4 KL,Accepted Online,{null},Staff
2/3/2017 1:33:47 PM,MED #4 KL,Accepted Online,2020,Med Student 502
2/3/2017 1:38:08 PM,Med Annex2,Accepted Online,2020,Med Student 478
2/3/2017 1:42:31 PM,Med Annex2,Accepted Online,2020,Med Student 478
2/3/2017 1:45:24 PM,Med Annex2,Accepted Online,2019,Med Student 409
2/3/2017 1:48:21 PM,MED #4 KL,Accepted Online,2019,Med Student 364
2/3/2017 1:57:56 PM,Med Annex1,Accepted Online,2019,Med Student 409
2/3/2017 2:09:50 PM,Med Annex1,Accepted Online,{null},Staff
2/3/2017 2:12:32 PM,MED #4 KL,Accepted Online,2019,Med Student 386
2/3/2017 2:17:13 PM,Med Annex2,Accepted Online,2020,Med Student 529
2/3/2017 2:17:20 PM,MED #8 KL,Accepted Online,2020,Med Student 478
2/3/2017 2:20:16 PM,MED #8 KL,Accepted Online,2020,Med Student 496
2/3/2017 2:20:51 PM,Med Annex1,Accepted Online,2020,Med Student 529
2/3/2017 2:28:40 PM,MED #8 KL,Accepted Online,2019,Med Student 331
2/3/2017 2:32:43 PM,Med Annex1,Accepted Online,2020,Med Student 551
2/3/2017 2:33:58 PM,Med Annex1,Accepted Online,2019,Med Student 366
2/3/2017 2:34:27 PM,Med Annex1,Accepted Online,2020,Med Student 464
2/3/2017 2:39:31 PM,Med Annex2,Accepted Online,2017,Med Student 139
2/3/2017 2:41:39 PM,Med Annex1,Accepted Online,2020,Med Student 453
2/3/2017 2:41:45 PM,Med Annex2,Accepted Online,2019,Med Student 344
2/3/2017 2:43:29 PM,Med Annex2,Accepted Online,2019,Med Student 366
2/3/2017 2:54:18 PM,MED #8 KL,Accepted Online,2018,Med Student 275
2/3/2017 2:54:36 PM,Med Annex2,Accepted Online,2019,Med Student 409
2/3/2017 2:57:15 PM,Med Annex2,Accepted Online,2019,Med Student 404
2/3/2017 3:00:04 PM,MED #8 KL,Accepted Online,2020,Med Student 496
2/3/2017 3:09:02 PM,MED #8 KL,Accepted Online,2020,Med Student 484
2/3/2017 3:21:40 PM,MED #8 KL,Accepted Online,2020,Med Student 561
2/3/2017 3:24:29 PM,MED #8 KL,Accepted Online,2020,Med Student 502
2/3/2017 3:24:52 PM,MED #9 KL,Accepted Online,2017,Med Student 165
2/3/2017 3:27:50 PM,MED #9 KL,Accepted Online,2017,Med Student 165
2/3/2017 3:31:47 PM,Med Annex2,Accepted Online,2017,Med Student 139
2/3/2017 3:32:48 PM,Med Annex2,Accepted Online,2020,Med Student 488
2/3/2017 3:34:16 PM,Med Annex2,Accepted Online,2018,Med Student 277
2/3/2017 3:36:12 PM,MED #4 KL,Accepted Online,2019,Med Student 386
2/3/2017 3:37:09 PM,MED #8 KL,Accepted Online,2020,Med Student 473
2/3/2017 3:40:41 PM,MED #8 KL,Accepted Online,2020,Med Student 473
2/3/2017 3:54:59 PM,Med Annex2,Accepted Online,2020,Med Student 500
2/3/2017 3:56:58 PM,Med Annex2,Accepted Online,2020,Med Student 472
2/3/2017 4:02:50 PM,Med Annex1,Accepted Online,2020,Med Student 472
2/3/2017 4:04:12 PM,Med Annex1,Accepted Online,2020,Med Student 500
2/3/2017 4:08:12 PM,Med Annex2,Accepted Online,2020,Med Student 478
2/3/2017 4:08:13 PM,MED #8 KL,Accepted Online,2020,Med Student 484
2/3/2017 4:16:01 PM,Med Annex2,Accepted Online,2019,Med Student 404
2/3/2017 4:17:20 PM,MED #9 KL,Accepted Online,2017,Med Student 165
2/3/2017 4:28:48 PM,MED #4 KL,Accepted Online,2019,Med Student 386
2/3/2017 4:30:19 PM,Med Annex1,Accepted Online,2020,Med Student 551
2/3/2017 4:31:05 PM,MED #6 KL,Accepted Online,2019,Med Student 369
2/3/2017 4:46:03 PM,Med Annex2,Accepted Online,2019,Med Student 345
2/3/2017 4:46:08 PM,MED #8 KL,Accepted Online,2020,Med Student 510
2/3/2017 4:47:35 PM,Med Annex2,Accepted Online,2019,Med Student 400
2/3/2017 4:49:42 PM,MED #8 KL,Accepted Online,2019,Med Student 399
2/3/2017 4:54:11 PM,MED #4 KL,Accepted Online,2020,Med Student 548
2/3/2017 4:55:01 PM,MED #8 KL,Accepted Online,2020,Med Student 496
2/3/2017 4:55:20 PM,MED #3 KL,Accepted Online,2020,Med Student 553
2/3/2017 4:55:34 PM,Med #1 KL,Accepted Online,2020,Med Student 553
2/3/2017 4:56:14 PM,Med #2 KL,Accepted Online,2020,Med Student 548
2/3/2017 4:56:45 PM,Med #1 KL,Accepted Online,2020,Med Student 553
2/3/2017 4:57:04 PM,MED #8 KL,Accepted Online,2020,Med Student 561
2/3/2017 4:59:37 PM,Med #1 KL,Accepted Online,2020,Med Student 553
2/3/2017 4:59:50 PM,MED #9 KL,Accepted Online,2017,Med Student 165
2/3/2017 5:00:51 PM,MED #8 KL,Accepted Online,2020,Med Student 563
2/3/2017 5:02:40 PM,MED #9 KL,Accepted Online,2017,Med Student 165
2/3/2017 5:02:56 PM,MED #8 KL,Accepted Online,2020,Med Student 473
2/3/2017 5:06:42 PM,Med Annex2,Accepted Online,2020,Med Student 566
2/3/2017 5:16:08 PM,MED #8 KL,Accepted Online,2020,Med Student 563
2/3/2017 5:17:34 PM,Med Annex1,Accepted Online,2020,Med Student 478
2/3/2017 5:22:22 PM,Med Annex2,Accepted Online,2020,Med Student 510
2/3/2017 5:27:08 PM,Med Annex1,Accepted Online,2020,Med Student 464
2/3/2017 5:34:37 PM,Med Annex2,Accepted Online,2020,Med Student 529
2/3/2017 5:35:57 PM,MED #8 KL,Accepted Online,2020,Med Student 489
2/3/2017 5:38:23 PM,MED #9 KL,Accepted Online,2017,Med Student 139
2/3/2017 5:52:03 PM,Med Annex2,Accepted Online,{null},Staff
2/3/2017 5:54:30 PM,Med Annex2,Accepted Online,{null},Staff
2/3/2017 5:56:47 PM,MED #8 KL,Accepted Online,2020,Med Student 473
2/3/2017 5:57:40 PM,MED #9 KL,Accepted Online,2017,Med Student 165
2/3/2017 5:58:01 PM,Med Annex2,Accepted Online,2020,Med Student 529
2/3/2017 6:02:14 PM,Med Annex2,Accepted Online,2017,Med Student 139
2/3/2017 6:02:38 PM,Med Annex1,Accepted Online,2020,Med Student 472
2/3/2017 6:03:30 PM,MED #9 KL,Accepted Online,2017,Med Student 139
2/3/2017 6:03:48 PM,Med Annex2,Accepted Online,2017,Med Student 165
2/3/2017 6:04:15 PM,MED #9 KL,Accepted Online,2017,Med Student 165
2/3/2017 6:13:31 PM,MED #8 KL,Accepted Online,2019,Med Student 399
2/3/2017 6:15:49 PM,MED #8 KL,Accepted Online,2020,Med Student 561
2/3/2017 6:26:20 PM,MED #8 KL,Accepted Online,2019,Med Student 435
2/3/2017 6:31:01 PM,MED #8 KL,Accepted Online,2020,Med Student 484
2/3/2017 6:33:35 PM,MED #8 KL,Accepted Online,2019,Med Student 399
2/3/2017 6:35:09 PM,MED #8 KL,Accepted Online,2020,Med Student 563
2/3/2017 6:40:13 PM,Med Annex1,Accepted Online,2020,Med Student 453
2/3/2017 6:43:23 PM,MED #8 KL,Accepted Online,2020,Med Student 496
2/3/2017 6:44:35 PM,MED #4 KL,Accepted Online,2019,Med Student 399
2/3/2017 6:46:12 PM,Med Annex2,Accepted Online,2020,Med Student 453
2/3/2017 6:46:40 PM,MED #8 KL,Accepted Online,2020,Med Student 527
2/3/2017 6:46:47 PM,Med Annex1,Accepted Online,2020,Med Student 564
2/3/2017 7:10:38 PM,Med Annex1,Accepted Online,2020,Med Student 500
2/3/2017 7:22:33 PM,MED #8 KL,Accepted Online,2020,Med Student 561
2/3/2017 7:36:11 PM,MED #8 KL,Accepted Online,2020,Med Student 502
2/3/2017 7:46:36 PM,MED #8 KL,Accepted Online,2019,Med Student 372
2/3/2017 7:47:36 PM,Med Annex2,Accepted Online,2019,Med Student 396
2/3/2017 7:49:22 PM,MED #8 KL,Accepted Online,2019,Med Student 399
2/3/2017 7:51:20 PM,MED #8 KL,Accepted Online,2020,Med Student 496
2/3/2017 7:56:38 PM,MED #8 KL,Accepted Online,2020,Med Student 496
2/3/2017 8:02:53 PM,Med Annex1,Accepted Online,2020,Med Student 478
2/3/2017 8:04:38 PM,MED #8 KL,Accepted Online,2019,Med Student 399
2/3/2017 8:04:57 PM,Med Annex1,Accepted Online,2020,Med Student 472
2/3/2017 8:08:05 PM,MED #8 KL,Accepted Online,2020,Med Student 563
2/3/2017 8:17:55 PM,MED #4 KL,Accepted Online,2019,Med Student 372
2/3/2017 8:23:20 PM,Med Annex2,Accepted Online,2020,Med Student 529
2/3/2017 8:24:25 PM,Med Annex1,Accepted Online,2020,Med Student 464
2/3/2017 8:26:52 PM,Med Annex1,Accepted Online,2020,Med Student 453
2/3/2017 8:59:50 PM,MED #8 KL,Accepted Online,2019,Med Student 399
2/3/2017 9:12:36 PM,Med Annex1,Accepted Online,2020,Med Student 527
2/3/2017 9:18:13 PM,MED #4 KL,Accepted Online,2019,Med Student 372
2/3/2017 9:19:08 PM,MED #8 KL,Accepted Online,2020,Med Student 496
2/3/2017 9:22:36 PM,Med Annex1,Accepted Online,2020,Med Student 472
2/3/2017 9:22:37 PM,MED #8 KL,Accepted Online,2020,Med Student 496
2/3/2017 9:31:04 PM,Med Annex2,Accepted Online,2020,Med Student 448
2/3/2017 9:33:07 PM,Med Annex1,Accepted Online,2020,Med Student 453
2/3/2017 9:39:14 PM,Med Annex2,Accepted Online,2019,Med Student 357
2/3/2017 9:48:50 PM,MED #8 KL,Accepted Online,2019,Med Student 399
2/3/2017 10:23:44 PM,MED #8 KL,Accepted Online,2019,Med Student 372
2/3/2017 10:37:01 PM,MED #8 KL,Accepted Online,2020,Med Student 496
2/3/2017 11:05:49 PM,MED #8 KL,Accepted Online,2020,Med Student 496
2/3/2017 11:13:30 PM,MED #4 KL,Accepted Online,2019,Med Student 372
2/3/2017 11:14:30 PM,MED #8 KL,Accepted Online,2020,Med Student 561
2/3/2017 11:57:55 PM,MED #8 KL,Accepted Online,2020,Med Student 502
2/4/2017 12:27:30 AM,MED #4 KL,Accepted Online,2019,Med Student 372
2/4/2017 1:04:26 AM,MED #8 KL,Accepted Online,2020,Med Student 496
2/4/2017 7:26:54 AM,MED #8 KL,Accepted Online,2018,Med Student 294
2/4/2017 8:20:26 AM,Med Annex2,Accepted Online,2020,Med Student 453
2/4/2017 8:52:20 AM,Med Annex2,Accepted Online,2020,Med Student 566
2/4/2017 8:52:43 AM,Med Annex2,Accepted Online,{null},Staff
2/4/2017 9:02:32 AM,MED #8 KL,Accepted Online,2019,Med Student 426
2/4/2017 9:04:42 AM,MED #8 KL,Accepted Online,2020,Med Student 476
2/4/2017 9:15:45 AM,MED #6 KL,Accepted Online,{null},Staff
2/4/2017 9:16:13 AM,MED #7 KL,Accepted Online,{null},Staff
2/4/2017 9:16:35 AM,MED #5 KL,Accepted Online,{null},Staff
2/4/2017 9:17:01 AM,Med #1 KL,Accepted Online,{null},Staff
2/4/2017 9:17:20 AM,MED #3 KL,Accepted Online,{null},Staff
2/4/2017 9:17:52 AM,Med #2 KL,Accepted Online,{null},Staff
2/4/2017 9:18:06 AM,MED #9 KL,Accepted Online,{null},Staff
2/4/2017 9:20:15 AM,Med Annex2,Accepted Online,{null},Staff
2/4/2017 9:31:48 AM,MED #8 KL,Accepted Online,2020,Med Student 462
2/4/2017 9:32:55 AM,Med Annex1,Accepted Online,2020,Med Student 566
2/4/2017 9:37:47 AM,MED #8 KL,Accepted Online,2020,Med Student 493
2/4/2017 9:41:29 AM,MED #4 KL,Accepted Online,2019,Med Student 386
2/4/2017 9:45:27 AM,MED #3 KL,Accepted Online,2020,Med Student 553
2/4/2017 9:45:33 AM,Med #1 KL,Accepted Online,2020,Med Student 553
2/4/2017 9:54:46 AM,MED #8 KL,Accepted Online,2020,Med Student 462
2/4/2017 9:57:22 AM,MED #8 KL,Accepted Online,2019,Med Student 430
2/4/2017 10:04:37 AM,Med Annex2,Accepted Online,2020,Med Student 529
2/4/2017 10:06:57 AM,Med Annex1,Accepted Online,2020,Med Student 529
2/4/2017 10:18:35 AM,Med Annex2,Accepted Online,2019,Med Student 318
2/4/2017 10:20:40 AM,MED #8 KL,Accepted Online,2019,Med Student 331
2/4/2017 10:23:49 AM,MED #8 KL,Accepted Online,2019,Med Student 331
2/4/2017 10:32:23 AM,MED #8 KL,Accepted Online,2020,Med Student 476
2/4/2017 10:36:05 AM,Med #1 KL,Accepted Online,2020,Med Student 553
2/4/2017 10:43:04 AM,MED #8 KL,Accepted Online,2020,Med Student 493
2/4/2017 10:49:50 AM,MED #4 KL,Accepted Online,2019,Med Student 386
2/4/2017 11:05:37 AM,Med Annex2,Accepted Online,2019,Med Student 426
2/4/2017 11:07:29 AM,Med Annex1,Accepted Online,2020,Med Student 564
2/4/2017 11:08:22 AM,MED #8 KL,Accepted Online,2019,Med Student 426
2/4/2017 11:09:21 AM,MED #4 KL,Accepted Online,2020,Med Student 501
2/4/2017 11:14:51 AM,MED #8 KL,Accepted Online,2020,Med Student 501
2/4/2017 11:19:00 AM,MED #9 KL,Accepted Online,2019,Med Student 366
2/4/2017 11:33:15 AM,MED #4 KL,Accepted Online,2019,Med Student 386
2/4/2017 11:38:03 AM,Med Annex2,Accepted Online,2019,Med Student 404
2/4/2017 11:39:37 AM,Med Annex1,Accepted Online,2020,Med Student 553
2/4/2017 11:40:39 AM,Med #1 KL,Accepted Online,2020,Med Student 553
2/4/2017 11:43:32 AM,MED #8 KL,Accepted Online,2019,Med Student 430
2/4/2017 11:59:42 AM,Med Annex1,Accepted Online,2020,Med Student 472
2/4/2017 12:01:30 PM,Med Annex1,Accepted Online,2020,Med Student 473
2/4/2017 12:04:49 PM,Med Annex2,Accepted Online,2019,Med Student 439
2/4/2017 12:06:38 PM,MED #6 KL,Accepted Online,2019,Med Student 369
2/4/2017 12:10:16 PM,MED #3 KL,Accepted Online,2020,Med Student 493
2/4/2017 12:10:53 PM,Med Annex1,Accepted Online,2019,Med Student 439
2/4/2017 12:20:57 PM,Med Annex2,Accepted Online,2020,Med Student 566
2/4/2017 12:22:12 PM,MED #7 KL,Accepted Online,2019,Med Student 426
2/4/2017 12:27:01 PM,MED #8 KL,Accepted Online,2019,Med Student 430
2/4/2017 12:32:19 PM,MED #8 KL,Accepted Online,2020,Med Student 515
2/4/2017 12:34:24 PM,MED #4 KL,Accepted Online,2019,Med Student 386
2/4/2017 12:40:19 PM,Med Annex1,Accepted Online,2020,Med Student 464
2/4/2017 12:44:48 PM,MED #8 KL,Accepted Online,2019,Med Student 426
2/4/2017 12:48:43 PM,MED #8 KL,Accepted Online,2020,Med Student 563
2/4/2017 12:57:20 PM,MED #8 KL,Accepted Online,2020,Med Student 565
2/4/2017 12:57:25 PM,Med Annex2,Accepted Online,2019,Med Student 441
2/4/2017 1:01:37 PM,Med Annex1,Accepted Online,2020,Med Student 564
2/4/2017 1:05:34 PM,Med Annex2,Accepted Online,2020,Med Student 500
2/4/2017 1:09:17 PM,Med Annex2,Accepted Offline,2020,Med Student 564
2/4/2017 1:11:12 PM,Med Annex1,Accepted Offline,2020,Med Student 500
2/4/2017 1:12:21 PM,MED #4 KL,Accepted Offline,2019,Med Student 426
2/4/2017 1:14:37 PM,Med #1 KL,Accepted Online,2020,Med Student 553
2/4/2017 1:15:07 PM,Med #1 KL,Accepted Online,2020,Med Student 553
2/4/2017 1:16:56 PM,Med Annex2,Accepted Online,2019,Med Student 404
2/4/2017 1:19:36 PM,MED #8 KL,Accepted Online,2019,Med Student 331
2/4/2017 1:21:30 PM,Med Annex1,Accepted Online,2020,Med Student 464
2/4/2017 1:25:42 PM,MED #8 KL,Accepted Online,2020,Med Student 476
2/4/2017 1:26:53 PM,Med Annex2,Accepted Online,2020,Med Student 473
2/4/2017 1:30:03 PM,Med Annex2,Accepted Online,2020,Med Student 473
2/4/2017 1:30:13 PM,MED #6 KL,Accepted Online,2019,Med Student 369
2/4/2017 1:34:53 PM,Med Annex2,Accepted Online,2019,Med Student 439
2/4/2017 1:36:04 PM,Med Annex2,Accepted Online,2020,Med Student 453
2/4/2017 1:38:01 PM,Med Annex2,Accepted Online,2019,Med Student 344
2/4/2017 1:38:19 PM,Med Annex2,Accepted Online,2019,Med Student 318
2/4/2017 1:41:11 PM,MED #8 KL,Accepted Online,2020,Med Student 462
2/4/2017 1:44:32 PM,Med Annex2,Accepted Online,2020,Med Student 453
2/4/2017 1:58:55 PM,MED #3 KL,Accepted Online,2020,Med Student 493
2/4/2017 2:02:18 PM,Med Annex2,Accepted Online,2020,Med Student 472
2/4/2017 2:04:13 PM,Med #1 KL,Accepted Online,2020,Med Student 553
2/4/2017 2:04:36 PM,Med #1 KL,Accepted Online,2020,Med Student 493
2/4/2017 2:04:44 PM,MED #8 KL,Accepted Online,2020,Med Student 496
2/4/2017 2:05:37 PM,MED #8 KL,Accepted Online,2020,Med Student 493
2/4/2017 2:06:37 PM,MED #8 KL,Accepted Online,2020,Med Student 553
2/4/2017 2:09:28 PM,MED #8 KL,Accepted Online,2020,Med Student 496
2/4/2017 2:13:20 PM,Med Annex2,Accepted Online,2020,Med Student 508
2/4/2017 2:14:07 PM,Med Annex1,Accepted Online,2020,Med Student 564
2/4/2017 2:28:01 PM,MED #4 KL,Accepted Online,2019,Med Student 386
2/4/2017 2:30:37 PM,Med Annex1,Accepted Online,2020,Med Student 508
2/4/2017 2:33:35 PM,Med Annex2,Accepted Online,2020,Med Student 473
2/4/2017 2:36:07 PM,Med Annex1,Accepted Online,2020,Med Student 529
2/4/2017 2:37:58 PM,Med Annex1,Accepted Online,2020,Med Student 529
2/4/2017 2:39:16 PM,Med Annex2,Accepted Online,2020,Med Student 453
2/4/2017 2:43:34 PM,MED #8 KL,Accepted Online,2020,Med Student 502
2/4/2017 2:44:02 PM,MED #8 KL,Accepted Online,2020,Med Student 553
2/4/2017 2:44:29 PM,MED #8 KL,Accepted Online,2020,Med Student 462
2/4/2017 2:45:36 PM,Med #1 KL,Accepted Online,2020,Med Student 553
2/4/2017 2:52:23 PM,MED #8 KL,Accepted Online,2019,Med Student 331
2/4/2017 2:55:40 PM,MED #8 KL,Accepted Online,2020,Med Student 493
2/4/2017 2:56:09 PM,Med Annex1,Accepted Online,2020,Med Student 566
2/4/2017 2:59:48 PM,Med Annex1,Accepted Online,2020,Med Student 464
2/4/2017 3:02:04 PM,Med Annex1,Accepted Online,2020,Med Student 500
2/4/2017 3:15:22 PM,MED #8 KL,Accepted Online,2020,Med Student 515
2/4/2017 3:24:21 PM,Med Annex2,Accepted Online,2020,Med Student 473
2/4/2017 3:27:27 PM,MED #8 KL,Accepted Online,2019,Med Student 402
2/4/2017 3:27:31 PM,MED #8 KL,Accepted Online,2019,Med Student 402
2/4/2017 3:27:34 PM,MED #8 KL,Accepted Online,2019,Med Student 402
2/4/2017 3:27:36 PM,MED #8 KL,Accepted Online,2019,Med Student 402
2/4/2017 3:28:32 PM,MED #4 KL,Accepted Online,2020,Med Student 565
2/4/2017 3:29:02 PM,MED #8 KL,Accepted Online,2019,Med Student 426
2/4/2017 3:37:46 PM,MED #4 KL,Accepted Online,2019,Med Student 386
2/4/2017 3:43:40 PM,MED #8 KL,Accepted Online,2019,Med Student 331
2/4/2017 3:43:49 PM,Med Annex1,Accepted Online,2020,Med Student 472
2/4/2017 3:50:15 PM,Med Annex1,Accepted Online,2019,Med Student 439
2/4/2017 4:06:06 PM,MED #8 KL,Accepted Online,2019,Med Student 426
2/4/2017 4:11:56 PM,Med Annex2,Accepted Online,2020,Med Student 566
2/4/2017 4:13:30 PM,Med Annex2,Accepted Online,{null},Staff
2/4/2017 4:14:58 PM,Med #1 KL,Accepted Online,2020,Med Student 493
2/4/2017 4:17:55 PM,MED #8 KL,Accepted Online,2020,Med Student 493
2/4/2017 4:18:48 PM,MED #8 KL,Accepted Online,2020,Med Student 496
2/4/2017 4:25:28 PM,Med Annex2,Accepted Online,2019,Med Student 404
2/4/2017 4:33:43 PM,MED #8 KL,Accepted Online,2020,Med Student 501
2/4/2017 4:36:29 PM,Med Annex2,Accepted Online,2020,Med Student 529
2/4/2017 4:41:50 PM,MED #8 KL,Accepted Online,2020,Med Student 462
2/4/2017 4:45:48 PM,Med Annex1,Accepted Online,2020,Med Student 464
2/4/2017 4:46:17 PM,MED #6 KL,Accepted Online,2019,Med Student 369
2/4/2017 4:49:28 PM,Med Annex2,Accepted Online,2019,Med Student 439
2/4/2017 5:01:23 PM,Med Annex1,Accepted Online,2020,Med Student 500
2/4/2017 5:05:39 PM,Med Annex2,Accepted Online,2020,Med Student 453
2/4/2017 5:08:30 PM,Med Annex1,Accepted Online,2019,Med Student 366
2/4/2017 5:12:11 PM,MED #9 KL,Accepted Online,2019,Med Student 366
2/4/2017 5:14:13 PM,MED #9 KL,Accepted Online,2019,Med Student 366
2/4/2017 5:15:34 PM,MED #7 KL,Accepted Online,2020,Med Student 453
2/4/2017 5:18:25 PM,Med Annex1,Accepted Online,2020,Med Student 453
2/4/2017 5:21:49 PM,Med Annex1,Accepted Online,2020,Med Student 488
2/4/2017 5:27:32 PM,MED #8 KL,Accepted Online,2020,Med Student 462
2/4/2017 5:29:28 PM,MED #3 KL,Accepted Online,2019,Med Student 416
2/4/2017 5:33:05 PM,Med Annex2,Accepted Online,2020,Med Student 487
2/4/2017 5:38:35 PM,MED #3 KL,Accepted Online,2019,Med Student 416
2/4/2017 5:41:19 PM,MED #8 KL,Accepted Online,2020,Med Student 547
2/4/2017 5:42:15 PM,Med Annex1,Accepted Online,2020,Med Student 508
2/4/2017 5:45:12 PM,MED #8 KL,Accepted Online,2019,Med Student 331
2/4/2017 5:46:52 PM,Med Annex1,Accepted Online,2019,Med Student 404
2/4/2017 5:48:36 PM,MED #8 KL,Accepted Online,2019,Med Student 402
2/4/2017 5:54:31 PM,Med Annex2,Accepted Online,2020,Med Student 473
2/4/2017 5:57:45 PM,Med Annex1,Accepted Online,2020,Med Student 564
2/4/2017 5:59:31 PM,MED #8 KL,Accepted Online,2019,Med Student 430
2/4/2017 6:13:16 PM,Med Annex2,Accepted Online,2020,Med Student 462
2/4/2017 6:15:57 PM,MED #8 KL,Accepted Online,2019,Med Student 402
2/4/2017 6:23:57 PM,MED #3 KL,Accepted Online,2019,Med Student 416
2/4/2017 6:24:12 PM,Med #1 KL,Accepted Online,2020,Med Student 553
2/4/2017 6:30:54 PM,Med Annex1,Accepted Online,2019,Med Student 318
2/4/2017 6:37:45 PM,MED #8 KL,Accepted Online,2019,Med Student 430
2/4/2017 6:42:18 PM,Med Annex2,Accepted Online,2019,Med Student 404
2/4/2017 6:54:32 PM,MED #8 KL,Accepted Online,2020,Med Student 496
2/4/2017 6:59:38 PM,Med Annex2,Accepted Online,2020,Med Student 563
2/4/2017 7:02:27 PM,MED #8 KL,Accepted Online,2019,Med Student 426
2/4/2017 7:05:47 PM,MED #4 KL,Accepted Online,2020,Med Student 501
2/4/2017 7:09:47 PM,MED #8 KL,Accepted Online,2020,Med Student 501
2/4/2017 7:19:41 PM,MED #3 KL,Accepted Online,2019,Med Student 416
2/4/2017 7:23:23 PM,MED #8 KL,Accepted Online,2019,Med Student 430
2/4/2017 7:23:38 PM,Med Annex2,Accepted Online,2020,Med Student 566
2/4/2017 7:24:36 PM,Med Annex1,Accepted Online,2020,Med Student 464
2/4/2017 7:25:57 PM,Med Annex1,Accepted Online,2020,Med Student 453
2/4/2017 7:26:33 PM,Med Annex2,Accepted Online,2020,Med Student 515
2/4/2017 7:32:17 PM,Med Annex1,Accepted Online,2020,Med Student 462
2/4/2017 7:37:35 PM,Med Annex2,Accepted Online,2020,Med Student 453
2/4/2017 7:39:23 PM,Med Annex1,Accepted Online,2020,Med Student 553
2/4/2017 7:39:41 PM,Med Annex2,Accepted Online,2020,Med Student 478
2/4/2017 7:40:09 PM,Med #1 KL,Accepted Online,2020,Med Student 553
2/4/2017 7:44:25 PM,Med Annex1,Accepted Online,2020,Med Student 473
2/4/2017 7:46:13 PM,Med Annex2,Accepted Online,2020,Med Student 481
2/4/2017 7:48:52 PM,MED #8 KL,Accepted Online,2020,Med Student 502
2/4/2017 7:49:10 PM,MED #3 KL,Accepted Online,2019,Med Student 416
2/4/2017 7:50:48 PM,Med Annex1,Accepted Online,2020,Med Student 481
2/4/2017 7:55:51 PM,MED #8 KL,Accepted Online,2020,Med Student 496
2/4/2017 7:58:43 PM,Med Annex1,Accepted Online,2020,Med Student 481
2/4/2017 7:58:59 PM,Med Annex2,Accepted Online,2020,Med Student 529
2/4/2017 7:59:45 PM,MED #8 KL,Accepted Online,2020,Med Student 496
2/4/2017 8:02:49 PM,Med Annex1,Accepted Online,2020,Med Student 500
2/4/2017 8:05:37 PM,MED #8 KL,Accepted Online,2020,Med Student 547
2/4/2017 8:12:53 PM,MED #8 KL,Accepted Online,2020,Med Student 553
2/4/2017 8:19:17 PM,Med Annex1,Accepted Online,2020,Med Student 478
2/4/2017 8:21:35 PM,MED #8 KL,Accepted Online,2019,Med Student 430
2/4/2017 8:25:50 PM,Med Annex2,Accepted Online,2020,Med Student 473
2/4/2017 8:29:21 PM,MED #3 KL,Accepted Online,2019,Med Student 416
2/4/2017 8:32:22 PM,Med Annex2,Accepted Online,2020,Med Student 527
2/4/2017 8:41:40 PM,MED #4 KL,Accepted Online,2019,Med Student 430
2/4/2017 8:48:00 PM,Med Annex1,Accepted Online,2020,Med Student 464
2/4/2017 8:53:49 PM,MED #3 KL,Accepted Online,2019,Med Student 416
2/4/2017 8:56:43 PM,Med Annex1,Accepted Online,2020,Med Student 564
2/4/2017 8:59:54 PM,Med Annex2,Accepted Online,2020,Med Student 508
2/4/2017 9:00:53 PM,MED #3 KL,Accepted Online,2019,Med Student 416
2/4/2017 9:04:01 PM,Med Annex1,Accepted Online,2020,Med Student 462
2/4/2017 9:26:32 PM,Med Annex2,Accepted Online,2020,Med Student 529
2/4/2017 9:29:13 PM,Med Annex1,Accepted Online,2020,Med Student 472
2/4/2017 9:32:21 PM,Med Annex2,Accepted Online,2020,Med Student 563
2/4/2017 9:34:36 PM,MED #8 KL,Accepted Online,2020,Med Student 547
2/4/2017 9:40:44 PM,Med Annex2,Accepted Online,2020,Med Student 515
2/4/2017 10:05:45 PM,MED #8 KL,Accepted Online,2019,Med Student 430
2/4/2017 10:20:08 PM,MED #8 KL,Accepted Online,2020,Med Student 500
2/4/2017 10:32:03 PM,MED #3 KL,Accepted Online,2019,Med Student 416
2/4/2017 10:33:38 PM,MED #3 KL,Accepted Online,2019,Med Student 416
2/4/2017 10:50:21 PM,MED #8 KL,Accepted Online,2019,Med Student 426
2/5/2017 1:10:57 AM,MED #6 KL,Accepted Online,2019,Med Student 416
2/5/2017 1:11:08 AM,MED #3 KL,Accepted Online,2019,Med Student 416
2/5/2017 1:11:35 AM,Med Annex1,Accepted Online,2019,Med Student 416
2/5/2017 1:17:42 AM,MED #3 KL,Accepted Online,2019,Med Student 416
2/5/2017 1:21:15 AM,Med Annex1,Accepted Online,2019,Med Student 416
2/5/2017 1:30:05 AM,MED #3 KL,Accepted Online,2019,Med Student 416
2/5/2017 1:34:43 AM,Med Annex1,Accepted Online,2019,Med Student 416
2/5/2017 8:05:31 AM,MED #8 KL,Accepted Online,2019,Med Student 426
2/5/2017 8:39:16 AM,Med Annex2,Accepted Online,2020,Med Student 453
2/5/2017 8:43:12 AM,Med Annex1,Accepted Online,2020,Med Student 453
2/5/2017 8:58:21 AM,MED #8 KL,Accepted Online,2020,Med Student 507
2/5/2017 9:07:11 AM,MED #8 KL,Accepted Online,2020,Med Student 476
2/5/2017 9:13:36 AM,MED #8 KL,Accepted Online,2020,Med Student 462
2/5/2017 9:16:46 AM,MED #8 KL,Accepted Online,2019,Med Student 399
2/5/2017 9:18:14 AM,MED #8 KL,Accepted Online,2020,Med Student 493
2/5/2017 9:20:05 AM,Med Annex1,Accepted Online,2019,Med Student 346
2/5/2017 9:30:21 AM,MED #8 KL,Accepted Online,2020,Med Student 552
2/5/2017 9:31:53 AM,MED #8 KL,Accepted Online,2019,Med Student 399
2/5/2017 9:36:33 AM,MED #4 KL,Accepted Online,2019,Med Student 346
2/5/2017 9:47:11 AM,MED #8 KL,Accepted Online,2020,Med Student 493
2/5/2017 9:51:21 AM,Med Annex2,Accepted Online,2019,Med Student 330
2/5/2017 9:56:42 AM,MED #8 KL,Accepted Online,2020,Med Student 561
2/5/2017 10:00:57 AM,MED #8 KL,Accepted Online,2020,Med Student 561
2/5/2017 10:17:19 AM,MED #4 KL,Accepted Online,2019,Med Student 386
2/5/2017 10:19:23 AM,MED #8 KL,Accepted Online,2020,Med Student 473
2/5/2017 10:36:08 AM,MED #4 KL,Accepted Online,2019,Med Student 426
2/5/2017 10:46:47 AM,MED #8 KL,Accepted Online,2020,Med Student 462
2/5/2017 10:57:45 AM,MED #8 KL,Accepted Online,2019,Med Student 442
2/5/2017 10:58:01 AM,Med #1 KL,Accepted Online,2020,Med Student 553
2/5/2017 11:15:03 AM,MED #4 KL,Accepted Online,2019,Med Student 399
2/5/2017 11:22:45 AM,MED #4 KL,Accepted Online,2019,Med Student 399
2/5/2017 11:24:05 AM,MED #8 KL,Accepted Online,2020,Med Student 476
2/5/2017 11:27:13 AM,MED #8 KL,Accepted Online,2020,Med Student 493
2/5/2017 11:28:10 AM,Med #1 KL,Accepted Online,2020,Med Student 493
2/5/2017 11:28:20 AM,MED #3 KL,Accepted Online,2020,Med Student 493
2/5/2017 11:28:58 AM,MED #8 KL,Accepted Online,2019,Med Student 366
2/5/2017 11:31:22 AM,MED #8 KL,Accepted Online,2019,Med Student 366
2/5/2017 11:40:21 AM,Med Annex2,Accepted Online,2020,Med Student 564
2/5/2017 11:42:41 AM,MED #4 KL,Accepted Online,2019,Med Student 386
2/5/2017 11:53:00 AM,Med Annex1,Accepted Online,2020,Med Student 564
2/5/2017 11:53:32 AM,MED #8 KL,Accepted Online,2020,Med Student 473
2/5/2017 11:54:20 AM,MED #9 KL,Accepted Online,2019,Med Student 416
2/5/2017 11:57:31 AM,Med Annex1,Accepted Online,2019,Med Student 416
2/5/2017 11:57:46 AM,MED #4 KL,Accepted Online,2020,Med Student 552
2/5/2017 11:57:54 AM,MED #9 KL,Accepted Online,2019,Med Student 416
2/5/2017 11:58:09 AM,MED #4 KL,Accepted Online,2020,Med Student 487
2/5/2017 12:00:45 PM,Med Annex1,Accepted Online,2019,Med Student 366
2/5/2017 12:02:56 PM,Med Annex2,Accepted Online,2019,Med Student 404
2/5/2017 12:15:01 PM,Med Annex1,Accepted Online,2020,Med Student 453
2/5/2017 12:15:21 PM,MED #8 KL,Accepted Online,2019,Med Student 399
2/5/2017 12:17:00 PM,Med Annex2,Accepted Online,2019,Med Student 318
2/5/2017 12:20:14 PM,Med Annex1,Accepted Online,2020,Med Student 472
2/5/2017 12:24:49 PM,MED #8 KL,Accepted Online,2020,Med Student 493
2/5/2017 12:31:10 PM,MED #4 KL,Accepted Online,2020,Med Student 553
2/5/2017 12:34:32 PM,Med #1 KL,Accepted Online,2020,Med Student 553
2/5/2017 12:38:00 PM,MED #8 KL,Accepted Online,2020,Med Student 553
2/5/2017 12:38:48 PM,MED #3 KL,Accepted Online,2020,Med Student 493
2/5/2017 12:39:36 PM,Med #1 KL,Accepted Online,2020,Med Student 553
2/5/2017 12:39:37 PM,MED #8 KL,Accepted Online,2020,Med Student 493
2/5/2017 12:40:39 PM,MED #3 KL,Accepted Online,2020,Med Student 493
2/5/2017 12:41:34 PM,MED #8 KL,Accepted Online,2020,Med Student 473
2/5/2017 12:50:57 PM,MED #9 KL,Accepted Online,2019,Med Student 416
2/5/2017 12:52:07 PM,MED #3 KL,Accepted Online,2020,Med Student 493
2/5/2017 12:53:21 PM,Med Annex2,Accepted Online,2020,Med Student 453
2/5/2017 12:54:02 PM,Med Annex1,Accepted Online,2020,Med Student 464
2/5/2017 1:06:36 PM,MED #8 KL,Accepted Online,2020,Med Student 476
2/5/2017 1:07:16 PM,MED #8 KL,Accepted Online,2019,Med Student 442
2/5/2017 1:08:52 PM,MED #8 KL,Accepted Online,2020,Med Student 462
2/5/2017 1:11:39 PM,MED #8 KL,Accepted Online,2020,Med Student 476
2/5/2017 1:14:33 PM,MED #4 KL,Accepted Online,2019,Med Student 386
2/5/2017 1:18:42 PM,Med Annex1,Accepted Online,2019,Med Student 416
2/5/2017 1:32:36 PM,MED #9 KL,Accepted Online,2019,Med Student 416
2/5/2017 1:39:28 PM,MED #9 KL,Accepted Online,2019,Med Student 416
2/5/2017 1:39:45 PM,Med Annex1,Accepted Online,2020,Med Student 564
2/5/2017 1:40:36 PM,Med Annex2,Accepted Online,2019,Med Student 404
2/5/2017 1:42:00 PM,MED #8 KL,Accepted Online,2020,Med Student 547
2/5/2017 1:43:10 PM,Med Annex1,Accepted Online,2019,Med Student 416
2/5/2017 1:45:44 PM,MED #8 KL,Accepted Online,2020,Med Student 547
2/5/2017 1:46:07 PM,Med Annex1,Accepted Online,2020,Med Student 473
2/5/2017 1:47:43 PM,MED #8 KL,Accepted Online,2020,Med Student 484
2/5/2017 1:53:08 PM,MED #9 KL,Accepted Online,2019,Med Student 416
2/5/2017 1:53:58 PM,Med Annex1,Accepted Online,2019,Med Student 416
2/5/2017 1:56:41 PM,Med Annex2,Accepted Online,2020,Med Student 500
2/5/2017 1:59:59 PM,Med #2 KL,Accepted Online,2020,Med Student 500
2/5/2017 2:00:55 PM,Med Annex2,Accepted Online,2020,Med Student 492
2/5/2017 2:03:53 PM,MED #3 KL,Accepted Online,2020,Med Student 493
2/5/2017 2:04:37 PM,MED #8 KL,Accepted Online,2020,Med Student 493
2/5/2017 2:08:20 PM,Med #1 KL,Accepted Online,2020,Med Student 553
2/5/2017 2:12:27 PM,MED #3 KL,Accepted Online,2019,Med Student 369
2/5/2017 2:14:59 PM,Med Annex1,Accepted Online,2019,Med Student 369
2/5/2017 2:16:07 PM,MED #8 KL,Accepted Online,2020,Med Student 527
2/5/2017 2:16:08 PM,MED #3 KL,Accepted Online,2019,Med Student 369
2/5/2017 2:20:57 PM,MED #8 KL,Accepted Online,2019,Med Student 399
2/5/2017 2:29:27 PM,Med Annex1,Accepted Online,2020,Med Student 472
2/5/2017 2:30:23 PM,MED #9 KL,Accepted Online,2019,Med Student 416
2/5/2017 2:30:33 PM,Med Annex2,Accepted Online,2020,Med Student 453
2/5/2017 2:32:43 PM,Med Annex1,Accepted Online,2020,Med Student 492
2/5/2017 2:33:24 PM,Med Annex1,Accepted Online,2020,Med Student 500
2/5/2017 2:42:09 PM,MED #8 KL,Accepted Online,2020,Med Student 484
2/5/2017 2:45:50 PM,MED #8 KL,Accepted Online,2020,Med Student 473
2/5/2017 2:47:28 PM,Med Annex1,Accepted Online,2019,Med Student 318
2/5/2017 2:47:48 PM,Med Annex1,Accepted Online,2020,Med Student 453
2/5/2017 2:52:02 PM,MED #8 KL,Accepted Online,2020,Med Student 462
2/5/2017 2:55:44 PM,MED #4 KL,Accepted Online,2019,Med Student 372
2/5/2017 2:56:19 PM,MED #9 KL,Accepted Online,2019,Med Student 416
2/5/2017 2:57:50 PM,MED #8 KL,Accepted Online,2020,Med Student 552
2/5/2017 2:58:49 PM,Med Annex1,Accepted Online,2020,Med Student 500
2/5/2017 2:58:55 PM,MED #8 KL,Accepted Online,2019,Med Student 331
2/5/2017 3:03:58 PM,MED #4 KL,Accepted Online,2019,Med Student 372
2/5/2017 3:06:46 PM,MED #8 KL,Accepted Online,2019,Med Student 331
2/5/2017 3:06:59 PM,Med Annex2,Accepted Online,2019,Med Student 318
2/5/2017 3:08:27 PM,MED #3 KL,Accepted Online,2019,Med Student 369
2/5/2017 3:08:36 PM,MED #4 KL,Accepted Online,2019,Med Student 386
2/5/2017 3:13:00 PM,Med Annex2,Accepted Online,2020,Med Student 478
2/5/2017 3:14:26 PM,MED #8 KL,Accepted Online,2020,Med Student 493
2/5/2017 3:15:32 PM,Med Annex1,Accepted Online,2020,Med Student 564
2/5/2017 3:16:46 PM,Med Annex1,Accepted Online,2020,Med Student 464
2/5/2017 3:23:41 PM,Med Annex2,Accepted Online,2019,Med Student 409
2/5/2017 3:29:33 PM,MED #4 KL,Accepted Online,2019,Med Student 372
2/5/2017 3:29:49 PM,Med Annex1,Accepted Online,2020,Med Student 492
2/5/2017 3:38:38 PM,MED #9 KL,Accepted Online,2019,Med Student 416
2/5/2017 3:54:07 PM,MED #8 KL,Accepted Online,2020,Med Student 547
2/5/2017 3:59:42 PM,Med Annex1,Accepted Online,2020,Med Student 478
2/5/2017 4:00:32 PM,Med Annex1,Accepted Online,2020,Med Student 500
2/5/2017 4:02:24 PM,MED #8 KL,Accepted Online,2020,Med Student 561
2/5/2017 4:05:11 PM,Med Annex1,Accepted Online,2020,Med Student 453
2/5/2017 4:06:05 PM,Med Annex2,Accepted Online,2019,Med Student 404
2/5/2017 4:07:46 PM,Med Annex1,Accepted Online,2020,Med Student 453
2/5/2017 4:10:53 PM,Med Annex1,Accepted Online,2020,Med Student 453
2/5/2017 4:12:48 PM,Med Annex1,Accepted Online,2020,Med Student 564
2/5/2017 4:14:14 PM,Med Annex1,Accepted Online,2020,Med Student 564
2/5/2017 4:14:24 PM,MED #8 KL,Accepted Online,2019,Med Student 426
2/5/2017 4:14:38 PM,MED #8 KL,Accepted Online,2020,Med Student 493
2/5/2017 4:16:36 PM,MED #4 KL,Accepted Online,2019,Med Student 366
2/5/2017 4:17:32 PM,MED #8 KL,Accepted Online,2019,Med Student 399
2/5/2017 4:17:45 PM,MED #8 KL,Accepted Online,2020,Med Student 473
2/5/2017 4:19:27 PM,Med Annex1,Accepted Online,2020,Med Student 484
2/5/2017 4:26:01 PM,MED #8 KL,Accepted Online,2020,Med Student 476
2/5/2017 4:29:45 PM,MED #8 KL,Accepted Online,2020,Med Student 462
2/5/2017 4:30:44 PM,MED #8 KL,Accepted Online,2020,Med Student 507
2/5/2017 4:33:58 PM,MED #4 KL,Accepted Online,2019,Med Student 372
2/5/2017 4:37:57 PM,MED #4 KL,Accepted Online,2019,Med Student 386
2/5/2017 4:38:15 PM,Med Annex1,Accepted Online,2020,Med Student 500
2/5/2017 4:41:56 PM,Med Annex1,Accepted Online,2019,Med Student 318
2/5/2017 4:45:17 PM,MED #8 KL,Accepted Online,2019,Med Student 366
2/5/2017 4:46:13 PM,MED #8 KL,Accepted Online,2020,Med Student 552
2/5/2017 4:57:49 PM,Med Annex1,Accepted Online,2020,Med Student 464
2/5/2017 5:00:29 PM,MED #8 KL,Accepted Online,2019,Med Student 399
2/5/2017 5:08:15 PM,Med Annex1,Accepted Online,2020,Med Student 472
2/5/2017 5:13:13 PM,Med Annex2,Accepted Online,2019,Med Student 357
2/5/2017 5:14:34 PM,MED #4 KL,Accepted Online,2019,Med Student 386
2/5/2017 5:16:49 PM,MED #8 KL,Accepted Online,2020,Med Student 493
2/5/2017 5:19:29 PM,MED #8 KL,Accepted Online,2020,Med Student 561
2/5/2017 5:26:49 PM,Med #1 KL,Accepted Online,2020,Med Student 493
2/5/2017 5:28:25 PM,MED #8 KL,Accepted Online,2019,Med Student 399
2/5/2017 5:30:45 PM,Med Annex2,Accepted Online,2020,Med Student 453
2/5/2017 5:35:43 PM,Med Annex1,Accepted Online,2020,Med Student 453
2/5/2017 5:41:31 PM,Med Annex2,Accepted Online,2019,Med Student 404
2/5/2017 5:42:41 PM,Med Annex2,Accepted Online,2020,Med Student 565
2/5/2017 5:42:59 PM,MED #4 KL,Accepted Online,2020,Med Student 487
2/5/2017 5:43:38 PM,Med Annex2,Accepted Online,2020,Med Student 508
2/5/2017 5:52:02 PM,MED #8 KL,Accepted Online,2020,Med Student 484
2/5/2017 5:52:23 PM,Med Annex2,Accepted Online,2020,Med Student 478
2/5/2017 5:58:20 PM,MED #8 KL,Accepted Online,2020,Med Student 561
2/5/2017 6:02:49 PM,Med #1 KL,Accepted Online,2020,Med Student 547
2/5/2017 6:02:57 PM,MED #4 KL,Accepted Online,2019,Med Student 372
2/5/2017 6:05:34 PM,MED #8 KL,Accepted Online,2020,Med Student 547
2/5/2017 6:23:43 PM,Med Annex1,Accepted Online,2020,Med Student 478
2/5/2017 6:32:22 PM,MED #8 KL,Accepted Online,2020,Med Student 561
2/5/2017 6:35:03 PM,MED #9 KL,Accepted Online,2019,Med Student 416
2/5/2017 6:36:02 PM,MED #8 KL,Accepted Online,2020,Med Student 493
2/5/2017 6:41:22 PM,Med #1 KL,Accepted Online,2020,Med Student 553
2/5/2017 6:42:31 PM,MED #8 KL,Accepted Online,2020,Med Student 493
2/5/2017 6:44:51 PM,MED #8 KL,Accepted Online,2019,Med Student 372
2/5/2017 6:45:13 PM,MED #8 KL,Accepted Online,2020,Med Student 484
2/5/2017 6:46:36 PM,MED #8 KL,Accepted Online,2020,Med Student 547
2/5/2017 6:48:25 PM,MED #8 KL,Accepted Online,2020,Med Student 547
2/5/2017 6:50:46 PM,MED #4 KL,Accepted Online,2019,Med Student 386
2/5/2017 6:51:36 PM,Med Annex1,Accepted Online,2020,Med Student 464
2/5/2017 6:58:17 PM,Med Annex1,Accepted Online,2020,Med Student 564
2/5/2017 7:00:28 PM,MED #9 KL,Accepted Online,2019,Med Student 416
2/5/2017 7:05:39 PM,MED #4 KL,Accepted Online,2019,Med Student 372
2/5/2017 7:06:26 PM,Med Annex2,Accepted Online,2020,Med Student 517
2/5/2017 7:06:57 PM,Med Annex1,Accepted Online,2020,Med Student 472
2/5/2017 7:10:56 PM,MED #8 KL,Accepted Online,2019,Med Student 442
2/5/2017 7:16:46 PM,Med Annex1,Accepted Online,2020,Med Student 464
2/5/2017 7:18:18 PM,Med Annex1,Accepted Online,2020,Med Student 564
2/5/2017 7:20:28 PM,MED #8 KL,Accepted Online,2020,Med Student 527
2/5/2017 7:27:50 PM,MED #9 KL,Accepted Online,2019,Med Student 416
2/5/2017 7:28:17 PM,Med #1 KL,Accepted Online,2019,Med Student 416
2/5/2017 7:43:14 PM,MED #6 KL,Accepted Online,2020,Med Student 453
2/5/2017 7:43:28 PM,MED #7 KL,Accepted Online,2020,Med Student 453
2/5/2017 7:47:23 PM,MED #8 KL,Accepted Online,2020,Med Student 565
2/5/2017 8:01:59 PM,MED #9 KL,Accepted Online,2019,Med Student 416
2/5/2017 8:03:43 PM,Med #1 KL,Accepted Online,2019,Med Student 416
2/5/2017 8:10:57 PM,MED #4 KL,Accepted Online,2019,Med Student 372
2/5/2017 8:13:51 PM,MED #8 KL,Accepted Online,2020,Med Student 561
2/5/2017 8:20:12 PM,Med Annex1,Accepted Online,2020,Med Student 464
2/5/2017 8:27:31 PM,Med Annex1,Accepted Online,2020,Med Student 500
2/5/2017 8:41:29 PM,Med Annex1,Accepted Online,2020,Med Student 453
2/5/2017 8:44:48 PM,Med Annex1,Accepted Online,2020,Med Student 453
2/5/2017 8:47:37 PM,Med Annex1,Accepted Online,2020,Med Student 484
2/5/2017 9:06:35 PM,Med Annex1,Accepted Online,2019,Med Student 404
2/5/2017 9:13:02 PM,Med Annex2,Accepted Online,2020,Med Student 547
2/5/2017 9:14:38 PM,Med Annex1,Accepted Online,2020,Med Student 478
2/5/2017 9:22:08 PM,Med Annex2,Accepted Online,2020,Med Student 561
2/5/2017 10:02:56 PM,Med Annex1,Accepted Online,2020,Med Student 484
2/5/2017 10:19:00 PM,Med Annex2,Accepted Online,2019,Med Student 318
2/5/2017 10:44:13 PM,MED #9 KL,Accepted Online,2020,Med Student 478
2/5/2017 10:44:27 PM,Med Annex1,Accepted Online,2020,Med Student 500
2/5/2017 10:47:11 PM,Med Annex1,Accepted Online,2020,Med Student 472
